997,-0.24879999458789825,-0.24640566110610962
729,0.3215000033378601,0.17135657370090485
1186,-0.053700000047683716,0.1435088813304901
961,-0.1615999937057495,-0.14782065153121948
160,-0.006800000090152025,-0.01572985202074051
379,0.476500004529953,0.4740467369556427
224,0.09969999641180038,0.08455844223499298
463,-0.33559998869895935,-0.3559596836566925
1116,0.02410000003874302,-0.017650030553340912
646,-0.0869000032544136,-0.07579617947340012
439,0.49380001425743103,0.5266219973564148
1278,0.34360000491142273,0.37225058674812317
849,0.46630001068115234,0.37950387597084045
476,-0.3386000096797943,-0.3185919523239136
1118,0.1889999955892563,0.16140702366828918
388,0.7340999841690063,0.7595579028129578
769,-0.039900001138448715,-0.03312475234270096
56,-0.09040000289678574,-0.09931550174951553
925,-0.26750001311302185,-0.27462583780288696
168,0.4593000113964081,0.46904948353767395
993,-0.2644999921321869,-0.2856830656528473
606,0.2353000044822693,0.3214971721172333
1202,0.019200000911951065,0.030097495764493942
764,-0.050700001418590546,-0.035439878702163696
10,-0.24889999628067017,-0.2273450493812561
889,0.06949999928474426,0.07741394639015198
342,0.2037999927997589,0.21671995520591736
1329,0.18539999425411224,0.1999008059501648
1097,-0.03959999978542328,-0.06034500151872635
793,0.14740000665187836,0.1837306022644043
900,0.11969999969005585,0.12820348143577576
1173,0.20319999754428864,0.22529491782188416
1342,0.41359999775886536,0.38950565457344055
264,0.5228999853134155,0.5225720405578613
1107,-0.009399999864399433,-0.016944825649261475
830,0.14329999685287476,0.15621978044509888
726,0.1088000014424324,0.13094627857208252
206,0.17489999532699585,0.1950191855430603
315,0.1534000039100647,0.12713533639907837
461,-0.36149999499320984,-0.37126317620277405
393,0.21940000355243683,0.4750593304634094
1010,-0.11699999868869781,-0.14251023530960083
230,0.0877000018954277,0.09660666435956955
560,-0.10270000249147415,-0.07975292950868607
487,-0.2515000104904175,-0.2928023338317871
1246,0.13860000669956207,0.16773031651973724
853,0.5005000233650208,0.5606603026390076
42,-0.2126999944448471,-0.21606895327568054
1104,-0.014600000344216824,0.00928979367017746
655,-0.07599999755620956,-0.06388422101736069
558,-0.042500000447034836,-0.013034634292125702
326,0.30979999899864197,0.3070019781589508
75,-0.24449999630451202,-0.25588512420654297
625,0.23649999499320984,0.2788296341896057
85,-0.22910000383853912,-0.22736984491348267
150,0.4113999903202057,0.37454482913017273
331,0.31700000166893005,0.3474574685096741
432,0.2676999866962433,0.26019713282585144
433,0.26829999685287476,0.2276397943496704
524,-0.3409999907016754,-0.3594040870666504
563,-0.10689999908208847,-0.08504576236009598
591,-0.05990000069141388,-0.0820988342165947
1324,0.1339000016450882,0.14625176787376404
425,0.2619999945163727,0.24167311191558838
607,0.18880000710487366,0.09600374102592468
640,-0.11320000141859055,-0.10211168974637985
40,-0.11169999837875366,-0.11444289237260818
833,0.14880000054836273,0.15473908185958862
874,0.5346999764442444,0.6051819920539856
768,-0.038100000470876694,-0.027790315449237823
259,0.3066999912261963,0.30857717990875244
675,0.020500000566244125,0.029324788600206375
590,-0.060100000351667404,-0.06952554732561111
351,0.12890000641345978,0.1156744658946991
886,0.06949999928474426,0.06904508918523788
236,0.09629999846220016,0.1187397912144661
684,-0.0430000014603138,-0.0238475501537323
1099,-0.021400000900030136,-0.04287705570459366
1220,0.06960000097751617,0.06198078393936157
1287,0.5515000224113464,0.45301008224487305
459,-0.34869998693466187,-0.3692798614501953
368,0.30820000171661377,0.30365777015686035
364,0.29429998993873596,0.34131741523742676
766,-0.03970000147819519,-0.046598173677921295
730,0.31610000133514404,0.3438291549682617
910,0.328000009059906,0.37753432989120483
1008,-0.1234000027179718,-0.15516680479049683
407,0.7429999709129333,0.822721540927887
521,-0.36230000853538513,-0.3516693711280823
779,-0.004900000058114529,0.021380044519901276
1253,0.07479999959468842,0.0935291051864624
336,0.2029000073671341,0.20683826506137848
480,-0.3707999885082245,-0.4277286231517792
724,0.10779999941587448,0.14495013654232025
731,0.29440000653266907,0.3322578966617584
232,0.08980000019073486,0.09328097850084305
912,0.32739999890327454,0.3781014680862427
1226,0.2685000002384186,0.1986500322818756
533,-0.36059999465942383,-0.3568183481693268
596,0.05139999836683273,0.06411731988191605
892,0.1096000000834465,0.1296129822731018
161,-0.007400000002235174,-0.014635227620601654
929,-0.27639999985694885,-0.2832724153995514
64,0.0038999998942017555,-0.04065544158220291
95,-0.07919999957084656,-0.09370342642068863
46,-0.19040000438690186,-0.13625279068946838
662,0.09920000284910202,0.0690176859498024
1033,-0.02889999933540821,-0.031140074133872986
363,0.29580000042915344,0.3308162987232208
1208,0.0357000008225441,0.03142094612121582
797,0.15139999985694885,0.1555258333683014
1279,0.3531999886035919,0.3253498375415802
1337,0.19300000369548798,0.20508524775505066
992,-0.26570001244544983,-0.30506423115730286
1037,-0.0714000016450882,-0.05622339993715286
1024,-0.03009999915957451,-0.024894826114177704
426,0.2630000114440918,0.24369311332702637
1218,0.06889999657869339,0.08203575760126114
358,0.2045000046491623,0.19506391882896423
957,-0.15039999783039093,-0.16108310222625732
451,-0.3580999970436096,-0.38013648986816406
323,0.351500004529953,0.3640139102935791
1171,0.2004999965429306,0.17727670073509216
1243,0.13809999823570251,0.15647432208061218
249,0.28220000863075256,0.24536529183387756
865,0.5573999881744385,0.5250820517539978
1132,0.10939999669790268,0.13278824090957642
390,0.7390000224113464,0.7772937417030334
153,0.4059999883174896,0.40749824047088623
1314,0.1290999948978424,0.16162246465682983
1217,0.06480000168085098,0.07836668938398361
88,-0.23019999265670776,-0.22403457760810852
1098,-0.039799999445676804,-0.04988446086645126
765,-0.03370000049471855,-0.026169374585151672
622,0.23250000178813934,0.29006922245025635
1297,0.13189999759197235,0.40629616379737854
905,0.12880000472068787,0.11475665867328644
231,0.08649999648332596,0.09888053685426712
759,-0.050599999725818634,-0.028950102627277374
977,-0.5195000171661377,-0.21181589365005493
360,0.2071000039577484,0.2114056944847107
1180,0.4025000035762787,0.4295118451118469
1248,0.1462000012397766,0.131426602602005
1012,-0.11949999630451202,-0.13088685274124146
309,0.14380000531673431,0.14557084441184998
1028,-0.03480000048875809,-0.018176637589931488
567,-0.10199999809265137,-0.08729367703199387
445,-0.3564000129699707,-0.3950660526752472
376,0.46470001339912415,0.4918266534805298
605,0.2337999939918518,0.20294594764709473
915,-0.27079999446868896,-0.27374178171157837
100,0.10029999911785126,0.1116563081741333
1002,-0.2578999996185303,-0.28518402576446533
573,-0.13339999318122864,-0.10980137437582016
1174,0.20190000534057617,0.22169816493988037
630,0.1509999930858612,0.17891395092010498
706,-0.03150000050663948,-0.020823411643505096
1153,0.034699998795986176,0.04261165112257004
1325,0.13650000095367432,0.1284341663122177
1219,0.06790000200271606,0.08695034682750702
325,0.29989999532699585,0.33586981892585754
491,-0.24379999935626984,-0.2919917702674866
585,-0.06719999760389328,-0.06697993725538254
128,0.03269999846816063,0.04802145063877106
1080,-0.05249999836087227,-0.05828507989645004
792,0.18299999833106995,0.22701498866081238
1316,0.12960000336170197,0.15036273002624512
1203,0.019200000911951065,0.03192049264907837
1247,0.1412000060081482,0.14499300718307495
1015,0.021199999377131462,0.038008250296115875
774,-0.007699999958276749,-0.005695559084415436
938,-0.27230000495910645,-0.28287410736083984
5,-0.20990000665187836,-0.20599830150604248
609,0.17069999873638153,0.1939064860343933
848,0.27889999747276306,0.2921198904514313
735,0.2973000109195709,0.31473127007484436
288,0.5485000014305115,0.5444031953811646
23,-0.24089999496936798,-0.22856968641281128
1031,-0.0272000003606081,-0.03514496237039566
798,0.15150000154972076,0.17090198397636414
449,-0.35499998927116394,-0.37907689809799194
141,0.22050000727176666,0.18737483024597168
6,-0.21969999372959137,-0.2234087884426117
1101,-0.03350000083446503,-0.040612466633319855
191,0.07129999995231628,0.07549586147069931
888,0.06960000097751617,0.08448447287082672
982,-0.06509999930858612,-0.03353729844093323
584,-0.08980000019073486,-0.0800197497010231
685,-0.043699998408555984,-0.01717304438352585
760,-0.04960000142455101,-0.039906829595565796
668,0.10260000079870224,0.1358867585659027
302,0.13169999420642853,0.1319233924150467
424,0.2632000148296356,0.254970908164978
979,-0.24169999361038208,-0.26145821809768677
539,-0.36149999499320984,-0.3510724902153015
810,0.07119999825954437,0.0991586446762085
222,0.10019999742507935,0.08849062025547028
86,-0.23309999704360962,-0.23396837711334229
246,0.17239999771118164,0.1530684530735016
948,-0.2694999873638153,-0.25821372866630554
344,0.21070000529289246,0.21525728702545166
188,0.07020000368356705,0.060341283679008484
633,0.15109999477863312,0.17926210165023804
416,0.2003999948501587,0.18523640930652618
350,0.12540000677108765,0.128096804022789
32,-0.22779999673366547,-0.2394949197769165
600,0.003100000089034438,-0.03381461650133133
383,0.6308000087738037,0.5351969599723816
806,0.07100000232458115,0.08186355978250504
566,-0.09669999778270721,-0.08326100558042526
964,-0.24699999392032623,-0.28167271614074707
481,-0.3571000099182129,-0.38115987181663513
673,0.016599999740719795,0.033280149102211
1183,0.4113999903202057,0.42049792408943176
852,0.5228000283241272,0.5115995407104492
1191,0.47119998931884766,0.3986007869243622
1207,0.01940000057220459,0.02875048667192459
1087,0.3443000018596649,0.351915568113327
643,-0.10109999775886536,-0.09327521175146103
754,0.34119999408721924,0.3988208472728729
207,0.1762000024318695,0.1741655319929123
523,-0.36250001192092896,-0.37815314531326294
320,0.3515999913215637,0.374009370803833
1232,0.22920000553131104,0.24823543429374695
132,0.08389999717473984,0.06981854885816574
548,-0.21660000085830688,-0.2291995882987976
498,-0.10140000283718109,-0.11095110327005386
586,-0.06939999759197235,-0.07506974786520004
946,-0.25760000944137573,-0.28046879172325134
1133,0.10999999940395355,0.1099548190832138
716,0.1264999955892563,0.08227083086967468
475,-0.34880000352859497,-0.3524065315723419
63,0.002300000051036477,0.0628463476896286
275,0.05350000038743019,0.04908079653978348
142,0.1906999945640564,0.19299861788749695
1093,-0.03999999910593033,-0.049317605793476105
923,-0.2721000015735626,-0.264906108379364
139,0.20569999516010284,0.21331486105918884
694,-0.07999999821186066,-0.059365950524806976
565,-0.10689999908208847,-0.08553410321474075
714,0.015300000086426735,-0.015788167715072632
187,0.07029999792575836,0.05650651454925537
385,0.7465999722480774,0.7493082880973816
1269,0.22499999403953552,0.2506270110607147
817,0.015599999576807022,0.05441392585635185
963,-0.27810001373291016,-0.26546943187713623
1292,0.6219000220298767,0.6759564876556396
819,0.017799999564886093,0.0411766842007637
79,-0.24220000207424164,-0.2139526903629303
1147,-0.018300000578165054,0.00039171427488327026
1272,0.23260000348091125,0.23599013686180115
1063,0.0997999981045723,0.0898251160979271
1137,0.026000000536441803,0.0398363396525383
1201,0.42100000381469727,0.46200406551361084
969,0.008500000461935997,-0.01939740777015686
158,-0.05739999935030937,0.2157498300075531
404,0.7461000084877014,0.7721932530403137
110,0.023800000548362732,0.00691608339548111
245,0.17299999296665192,0.1438872069120407
557,-0.04820000007748604,-0.08314061909914017
83,-0.21969999372959137,-0.25056836009025574
1275,0.34369999170303345,0.29832327365875244
308,0.1437000036239624,0.12160271406173706
403,0.7412999868392944,0.7758511900901794
250,0.2842999994754791,0.22589921951293945
33,-0.2337000072002411,-0.2969323992729187
274,0.04740000143647194,0.02477789670228958
356,0.2045000046491623,0.17481742799282074
831,0.14300000667572021,0.13937556743621826
1260,0.1428000032901764,0.14751842617988586
244,0.17509999871253967,0.14334648847579956
136,0.09549999982118607,0.022149402648210526
289,0.5521000027656555,0.5345990061759949
611,0.1712000072002411,0.15288737416267395
1172,0.20190000534057617,0.21085312962532043
209,0.1835000067949295,0.19565197825431824
1071,0.27959999442100525,0.29905620217323303
338,0.19949999451637268,0.17337699234485626
267,0.5271000266075134,0.525692880153656
959,-0.15049999952316284,-0.18864977359771729
527,-0.3756999969482422,-0.3956032395362854
219,0.09030000120401382,0.085439532995224
777,-0.004800000227987766,0.007293783128261566
1134,0.030700000002980232,0.015963777899742126
931,-0.2662000060081482,-0.3305564522743225
1119,0.18889999389648438,0.15909209847450256
654,-0.07580000162124634,-0.0792025551199913
151,0.4018999934196472,0.39094164967536926
346,0.20649999380111694,0.1827777475118637
1152,0.03099999949336052,0.011251121759414673
1254,0.07429999858140945,0.07006610184907913
689,-0.029600000008940697,-0.06282416731119156
25,-0.2498999983072281,-0.2595597207546234
94,-0.0869000032544136,-0.08077708631753922
257,0.3089999854564667,0.2879277169704437
821,0.06960000097751617,0.0742405578494072
1181,0.4108000099658966,0.4077095687389374
676,0.026399999856948853,0.02584763616323471
435,0.4943000078201294,0.4478071331977844
1096,-0.03700000047683716,-0.044991634786129
1067,0.31869998574256897,0.29010820388793945
1211,0.05460000038146973,0.06342090666294098
89,-0.2101999968290329,-0.2447172999382019
1224,0.2734000086784363,0.21830448508262634
1020,0.029999999329447746,-0.006108582019805908
529,-0.364300012588501,-0.3854838013648987
381,0.4747999906539917,0.42788776755332947
215,0.08900000154972076,0.06438666582107544
632,0.1509999930858612,0.15131016075611115
248,0.2825999855995178,0.25847578048706055
700,-0.039900001138448715,-0.0566362664103508
972,-0.15919999778270721,-0.1677570641040802
293,0.08070000261068344,0.0787816122174263
87,-0.2303999960422516,-0.25455957651138306
1257,0.14000000059604645,0.14780336618423462
472,-0.36880001425743103,-0.39857062697410583
736,0.29670000076293945,0.3115227222442627
864,0.5580999851226807,0.5013337731361389
1222,0.07760000228881836,0.03524130955338478
429,0.26910001039505005,0.23763126134872437
755,0.34310001134872437,0.3906170725822449
1267,0.22779999673366547,0.22858914732933044
1238,0.24220000207424164,0.24641859531402588
757,0.29589998722076416,0.2989822328090668
1083,0.3531000018119812,0.2955288887023926
306,0.14030000567436218,0.1265891045331955
937,-0.25200000405311584,-0.3177715837955475
466,-0.35120001435279846,-0.3832012712955475
587,-0.06840000301599503,-0.10122232884168625
989,-0.2102999985218048,-0.2676258385181427
974,-0.20010000467300415,-0.20230841636657715
479,-0.36959999799728394,-0.4301869571208954
1326,0.18209999799728394,0.1907893270254135
235,0.09549999982118607,0.09753492474555969
422,0.2547999918460846,0.2534037232398987
1040,-0.03280000016093254,-0.052875690162181854
332,0.31220000982284546,0.30835744738578796
1163,0.09269999712705612,0.046656735241413116
1200,0.421099990606308,0.4278500974178314
845,0.2784999907016754,0.2574002146720886
135,0.09600000083446503,0.04911605641245842
484,-0.35199999809265137,-0.40499210357666016
936,-0.25189998745918274,-0.32305559515953064
642,-0.10199999809265137,-0.12297423928976059
564,-0.10809999704360962,-0.08970393985509872
1339,0.19760000705718994,0.13351090252399445
431,0.27070000767707825,0.2514641284942627
1117,0.18930000066757202,0.16234400868415833
1236,0.23100000619888306,0.21337276697158813
583,-0.09390000253915787,-0.106663279235363
996,-0.25619998574256897,-0.298517644405365
286,0.5533000230789185,0.553493082523346
530,-0.3546000123023987,-0.4053225517272949
693,-0.03660000115633011,-0.058451034128665924
210,0.17980000376701355,0.15776392817497253
335,0.32120001316070557,0.27553871273994446
829,0.1436000019311905,0.14561668038368225
545,-0.21860000491142273,-0.23381486535072327
1127,0.09380000084638596,0.10113657265901566
1318,0.13490000367164612,0.14030960202217102
995,-0.2549000084400177,-0.2981100380420685
509,-0.1907999962568283,-0.17331421375274658
677,0.017500000074505806,0.025503963232040405
420,0.2526000142097473,0.24796023964881897
1223,0.08569999784231186,0.04364356771111488
450,-0.3682999908924103,-0.4175070822238922
626,0.2459000051021576,0.24882644414901733
60,-0.23260000348091125,-0.2463480830192566
645,-0.08709999918937683,-0.08464203029870987
1041,-0.032999999821186066,-0.06590051203966141
1145,-0.020099999383091927,-0.026920795440673828
522,-0.34709998965263367,-0.39557117223739624
538,-0.35429999232292175,-0.3649938106536865
102,0.09799999743700027,0.07064886391162872
682,-0.0406000018119812,-0.04034792631864548
741,-0.0649000033736229,-0.058352433145046234
880,0.060499999672174454,0.07655037194490433
507,-0.32839998602867126,-0.3313780128955841
38,-0.11500000208616257,-0.17208567261695862
273,0.04769999906420708,0.021896712481975555
81,-0.23829999566078186,-0.2483961284160614
627,0.24560000002384186,0.19793552160263062
1328,0.18479999899864197,0.1854744851589203
131,0.08479999750852585,0.04568356275558472
659,-0.06449999660253525,-0.08025958389043808
649,-0.07620000094175339,-0.09534607082605362
1204,0.019999999552965164,0.0037986040115356445
577,-0.10499999672174454,-0.10590492933988571
93,-0.08079999685287476,-0.09238580614328384
470,-0.36959999799728394,-0.3885467052459717
307,0.1444000005722046,0.12411947548389435
490,-0.25290000438690186,-0.30038678646087646
537,-0.34290000796318054,-0.3953022360801697
1196,0.44690001010894775,0.4417222738265991
683,-0.041999999433755875,-0.05007734149694443
39,-0.11100000143051147,-0.16095152497291565
16,-0.24469999969005585,-0.2660664916038513
1230,0.22949999570846558,0.2516162693500519
322,0.3537999987602234,0.38303977251052856
875,0.5174000263214111,0.49231696128845215
638,-0.11259999871253967,-0.09611440449953079
125,0.024000000208616257,0.02668897807598114
54,-0.08410000056028366,-0.10275980085134506
238,0.0997999981045723,0.07741881161928177
52,-0.0786999985575676,-0.05853977054357529
372,0.41909998655319214,0.39389726519584656
438,0.49480000138282776,0.5399956107139587
624,0.24169999361038208,0.22574400901794434
678,0.02759999968111515,-0.026239842176437378
572,-0.10119999945163727,-0.12406515330076218
116,0.03290000185370445,0.002084694802761078
808,0.07039999961853027,0.08260854333639145
513,-0.19339999556541443,-0.20835816860198975
256,0.30550000071525574,0.2681935429573059
1165,0.20759999752044678,0.16588912904262543
294,0.08089999854564667,0.08209182322025299
884,0.062300000339746475,0.0664200410246849
536,-0.3610000014305115,-0.3903070390224457
242,0.16410000622272491,0.13328363001346588
1091,0.2874999940395355,0.28304335474967957
1182,0.4129999876022339,0.39176931977272034
495,-0.36230000853538513,-0.42731502652168274
1143,0.042399998754262924,0.02350422739982605
355,0.20110000669956207,0.1899239867925644
1321,0.1412000060081482,0.11044972389936447
647,-0.0860000029206276,-0.08925739675760269
802,0.16140000522136688,0.12411534786224365
101,0.09690000116825104,0.09122753888368607
876,0.5322999954223633,0.5373986959457397
1120,0.18549999594688416,0.2308669090270996
1300,0.08619999885559082,0.09584019333124161
670,0.011500000022351742,0.005089208483695984
553,-0.05920000001788139,-0.07515745609998703
287,0.5519000291824341,0.5331889986991882
663,0.09910000115633011,0.09236346930265427
127,0.029100000858306885,0.006569087505340576
411,0.18870000541210175,0.1811932623386383
771,-0.01769999973475933,-0.025275185704231262
733,0.2906000018119812,0.28505444526672363
1264,0.1445000022649765,0.13468317687511444
270,0.0406000018119812,0.2538700997829437
1198,0.44679999351501465,0.4816948175430298
718,0.12720000743865967,0.1401161253452301
836,0.1477999985218048,0.12579017877578735
186,0.05909999832510948,0.04593117907643318
162,-0.001500000013038516,-0.03131977468729019
644,-0.08969999849796295,-0.07101989537477493
942,-0.2603999972343445,-0.29892227053642273
795,0.1527000069618225,0.1369202435016632
859,0.022199999541044235,0.26332327723503113
237,0.09709999710321426,0.0781000629067421
397,0.7594000101089478,0.6795385479927063
1336,0.18410000205039978,0.15201769769191742
750,0.34290000796318054,0.36663752794265747
832,0.1453000009059906,0.14241880178451538
579,-0.1062999963760376,-0.12158595770597458
955,-0.26510000228881836,-0.319225549697876
70,-0.13379999995231628,-0.1554902195930481
1244,0.13830000162124634,0.15014365315437317
1188,-0.0038999998942017555,-0.017792940139770508
1045,-0.026100000366568565,-0.04418385773897171
751,0.3562999963760376,0.34277358651161194
1088,0.3400999903678894,0.37170955538749695
535,-0.3617999851703644,-0.39310410618782043
196,0.08420000225305557,0.03415483608841896
767,-0.04019999876618385,-0.0659722164273262
517,-0.3880999982357025,-0.4847969114780426
1013,-0.11349999904632568,-0.16753441095352173
739,-0.15049999952316284,0.0211528018116951
688,-0.02930000051856041,-0.06595204025506973
637,-0.1128000020980835,-0.1000208929181099
1294,0.6230999827384949,0.6202442049980164
1025,-0.03629999980330467,-0.05517064779996872
680,0.034299999475479126,0.022976525127887726
738,-0.15119999647140503,-0.014032594859600067
1027,-0.03530000150203705,-0.052110619843006134
552,-0.05999999865889549,-0.0619184747338295
901,0.11959999799728394,0.1009267270565033
147,0.40130001306533813,0.3609699010848999
216,0.08860000222921371,0.06820786744356155
1268,0.2249000072479248,0.22887378931045532
657,-0.07580000162124634,-0.08063376694917679
200,0.27000001072883606,0.30146029591560364
891,0.10790000110864639,0.10835084319114685
935,-0.24879999458789825,-0.3121907711029053
1332,0.18490000069141388,0.15811622142791748
134,0.10100000351667404,0.05549606680870056
447,-0.36910000443458557,-0.39209243655204773
76,-0.23520000278949738,-0.28284239768981934
1095,-0.039500001817941666,-0.08122877031564713
610,0.17339999973773956,0.16246536374092102
895,0.1145000010728836,0.09495004266500473
324,0.30160000920295715,0.3130536675453186
234,0.09440000355243683,0.08345767855644226
571,-0.08910000324249268,-0.12682372331619263
406,0.7408999800682068,0.7789214253425598
354,0.20100000500679016,0.18975281715393066
414,0.20010000467300415,0.21380934119224548
815,0.08240000158548355,0.05865217000246048
843,0.2791000008583069,0.26300403475761414
284,0.5514000058174133,0.5463332533836365
123,0.022299999371170998,-0.0026378557085990906
1056,0.13169999420642853,0.11823885142803192
171,0.4440999925136566,0.4840866029262543
165,0.45730000734329224,0.3935440480709076
204,0.16349999606609344,0.14756108820438385
737,0.29490000009536743,0.31074053049087524
1214,0.06419999897480011,0.06866233050823212
212,0.18960000574588776,0.18570145964622498
918,-0.2734000086784363,-0.29247426986694336
1059,0.13189999759197235,0.14969849586486816
1074,0.2879999876022339,0.3022499978542328
111,0.021199999377131462,0.009996898472309113
373,0.4171999990940094,0.38731005787849426
990,-0.2644999921321869,-0.3046726584434509
146,0.2085999995470047,0.1845487356185913
973,-0.16529999673366547,-0.20874759554862976
154,0.4052000045776367,0.3675036132335663
104,0.10769999772310257,0.10085314512252808
1234,0.22910000383853912,0.20242057740688324
623,0.241799995303154,0.2190326452255249
140,0.21610000729560852,0.20623314380645752
1058,0.13379999995231628,0.08440805226564407
35,-0.2159000039100647,-0.23367267847061157
164,0.4429999887943268,0.4585280418395996
1170,0.20029999315738678,0.17476414144039154
1301,0.0949999988079071,0.06321842968463898
926,-0.2549999952316284,-0.23491403460502625
24,-0.2483000010251999,-0.23946887254714966
412,0.1890999972820282,0.1757308840751648
922,-0.26019999384880066,-0.318031907081604
1290,0.6155999898910522,0.6112889647483826
851,0.46059998869895935,0.4309016764163971
1256,0.08160000294446945,0.041698820888996124
745,0.34380000829696655,0.3541448414325714
1179,0.40149998664855957,0.3959921598434448
1151,0.027300000190734863,0.026417259126901627
1334,0.19349999725818634,0.16913071274757385
960,-0.16249999403953552,-0.1891050934791565
121,-0.023900000378489494,-0.03728869557380676
807,0.07029999792575836,0.06279869377613068
434,0.27239999175071716,0.2094554603099823
319,0.3472999930381775,0.264428973197937
299,0.08910000324249268,0.06532248854637146
269,0.527999997138977,0.5031641721725464
198,0.26660001277923584,0.21503496170043945
357,0.20749999582767487,0.18665388226509094
488,-0.2524000108242035,-0.3099691569805145
1065,0.10570000112056732,0.11774590611457825
1032,-0.03889999911189079,-0.04784529656171799
544,-0.21899999678134918,-0.23221051692962646
994,-0.2443999946117401,-0.28061094880104065
453,-0.3617999851703644,-0.329781174659729
1320,0.1289999932050705,0.13538587093353271
1299,0.08619999885559082,0.0885535180568695
15,-0.23100000619888306,-0.25874441862106323
1330,0.1868000030517578,0.16180682182312012
126,0.03370000049471855,0.01923529803752899
203,0.16660000383853912,0.14902232587337494
1199,0.42500001192092896,0.4290643036365509
333,0.30959999561309814,0.2515033185482025
1231,0.23019999265670776,0.1997595876455307
180,0.030300000682473183,0.003713734447956085
519,-0.3614000082015991,-0.3573514521121979
1205,0.02019999921321869,0.009052015841007233
1141,0.033900000154972076,0.015464246273040771
681,-0.039500001817941666,-0.024414658546447754
556,-0.055799998342990875,-0.040849752724170685
1004,-0.2687999904155731,-0.28616324067115784
1169,0.22030000388622284,0.14954251050949097
502,-0.2957000136375427,-0.2884371280670166
1019,0.02290000021457672,0.04008279740810394
1215,0.06270000338554382,0.04794737324118614
37,-0.11289999634027481,-0.16018307209014893
29,-0.23190000653266907,-0.2512631416320801
950,-0.2578999996185303,-0.3025003969669342
53,-0.0892999991774559,-0.11179656535387039
47,-0.19949999451637268,-0.18745622038841248
377,0.4648999869823456,0.425185889005661
1030,-0.03680000081658363,-0.04153037816286087
105,0.10440000146627426,0.07417066395282745
456,-0.3628999888896942,-0.3802695870399475
721,0.14419999718666077,0.06770840287208557
334,0.32100000977516174,0.28587234020233154
1131,0.1054999977350235,0.056132763624191284
747,0.34310001134872437,0.34106963872909546
616,-0.11670000106096268,-0.11237648874521255
593,0.05090000107884407,0.04946356639266014
99,0.08579999953508377,0.05121735483407974
1255,0.07530000060796738,0.06511601060628891
493,-0.4000999927520752,-0.4193272888660431
113,0.026900000870227814,0.011737406253814697
621,0.2493000030517578,0.19953757524490356
1016,0.018300000578165054,0.0172417014837265
1216,0.061900001019239426,0.05335087701678276
597,0.05139999836683273,0.04966258257627487
1221,0.06909999996423721,0.05748765170574188
497,-0.384799987077713,-0.35704442858695984
528,-0.37560001015663147,-0.39489224553108215
255,0.29190000891685486,0.2411515712738037
415,0.2013999968767166,0.16707763075828552
166,0.44279998540878296,0.4444744288921356
321,0.35120001435279846,0.35010233521461487
1017,0.016899999231100082,0.007980354130268097
365,0.2994000017642975,0.29479584097862244
701,-0.03280000016093254,-0.03755922615528107
263,0.534600019454956,0.4355420172214508
515,-0.1931000053882599,-0.19937458634376526
601,0.011599999852478504,0.022595543414354324
120,-0.02280000038444996,-0.027542762458324432
664,0.09920000284910202,0.07293731719255447
850,0.46700000762939453,0.30936893820762634
811,0.07559999823570251,0.050050459802150726
816,0.0737999975681305,0.059665028005838394
17,-0.218299999833107,-0.2711718678474426
897,0.12120000272989273,0.11018296331167221
348,0.12620000541210175,0.1063917949795723
436,0.4936000108718872,0.42159077525138855
313,0.14830000698566437,0.121558278799057
41,-0.10379999876022339,-0.15622806549072266
834,0.14839999377727509,0.12677326798439026
1124,0.08940000087022781,0.09306636452674866
467,-0.35429999232292175,-0.37650445103645325
316,0.3504999876022339,0.2652348577976227
469,-0.352400004863739,-0.35259172320365906
1282,0.375,0.3360280692577362
804,0.16689999401569366,0.1374119520187378
221,0.09730000048875809,0.07294033467769623
1166,0.2084999978542328,0.15045833587646484
1084,0.33959999680519104,0.37458768486976624
1139,0.03189999982714653,0.01943260431289673
1021,0.031300000846385956,-0.005803883075714111
1051,0.012900000438094139,-0.014463283121585846
540,-0.23739999532699585,-0.28886276483535767
442,0.4934999942779541,0.4674057364463806
423,0.25519999861717224,0.23641419410705566
824,0.07729999721050262,0.0582258515059948
66,0.00839999970048666,-0.01900482177734375
827,0.07800000160932541,0.061402253806591034
582,-0.09679999947547913,-0.10231295973062515
1155,0.03629999980330467,0.020449906587600708
455,-0.3686000108718872,-0.3775419294834137
1308,0.6395999789237976,0.600757360458374
883,0.06530000269412994,0.06858417391777039
386,0.7303000092506409,0.653102695941925
500,-0.3165999948978424,-0.3501107692718506
7,-0.2159000039100647,-0.2324543297290802
1194,0.45010000467300415,0.45006686449050903
620,0.23389999568462372,0.27063265442848206
904,0.1242000013589859,0.07188530266284943
22,-0.2538999915122986,-0.2555016577243805
512,-0.17800000309944153,-0.19724422693252563
866,0.5389999747276306,0.5299227833747864
419,0.1988999992609024,0.15894347429275513
862,0.02800000086426735,0.039328742772340775
266,0.5275999903678894,0.49131619930267334
97,-0.0640999972820282,-0.07405102998018265
707,-0.028699999675154686,-0.02367810159921646
173,0.4108000099658966,0.4040783941745758
1280,0.3790000081062317,0.37408578395843506
382,0.6319000124931335,0.5028140544891357
251,0.28299999237060547,0.26121729612350464
1129,0.09920000284910202,0.07358130067586899
1140,0.042500000447034836,0.02334865927696228
581,-0.10249999910593033,-0.09871109575033188
314,0.1477999985218048,0.11329837143421173
981,-0.0731000006198883,-0.1413041651248932
949,-0.26080000400543213,-0.279824435710907
599,0.0027000000700354576,-0.036008939146995544
12,-0.24969999492168427,-0.26041314005851746
575,-0.13420000672340393,-0.12189473956823349
213,0.19030000269412994,0.14394471049308777
311,0.14429999887943268,0.11124864965677261
541,-0.23549999296665192,-0.2648686468601227
1157,0.09220000356435776,0.06711242347955704
708,0.007499999832361937,-0.024148568511009216
1239,0.24310000240802765,0.2047017514705658
458,-0.3508000075817108,-0.38636890053749084
998,-0.2621000111103058,-0.3046010434627533
518,-0.36820000410079956,-0.44571128487586975
916,-0.26579999923706055,-0.3107546269893646
939,-0.2732999920845032,-0.3063613772392273
1144,0.030899999663233757,0.016699500381946564
613,-0.249099999666214,-0.04920784384012222
489,-0.25270000100135803,-0.2999880909919739
2,-0.22619999945163727,-0.24196773767471313
1075,0.2858999967575073,0.2749767601490021
149,0.40139999985694885,0.40753450989723206
292,0.07999999821186066,0.06288595497608185
951,-0.24819999933242798,-0.25241610407829285
176,0.015799999237060547,-0.025245890021324158
1323,0.1340000033378601,0.10410840064287186
1011,-0.11649999767541885,-0.1618223786354065
800,0.1615999937057495,0.1501070261001587
814,0.07880000025033951,0.038020145148038864
115,0.03180000185966492,0.006754860281944275
1048,-0.02290000021457672,-0.034490637481212616
840,0.2623000144958496,0.2721722722053528
983,-0.07050000131130219,-0.052004002034664154
291,0.0786999985575676,0.06325572729110718
1115,0.013899999670684338,-0.023003816604614258
1138,0.026599999517202377,0.029804296791553497
1240,0.14100000262260437,0.12466658651828766
906,0.328000009059906,0.25824210047721863
240,0.1623000055551529,0.1299436390399933
786,0.18559999763965607,0.08490067720413208
594,0.05050000175833702,0.038778308779001236
1003,-0.26649999618530273,-0.3147997260093689
304,0.14159999787807465,0.15035083889961243
112,0.022199999541044235,0.002902008593082428
1086,0.3375999927520752,0.385813444852829
175,0.015599999576807022,-0.013743750751018524
137,0.20479999482631683,0.17296269536018372
617,-0.11749999970197678,-0.11437823623418808
782,-0.003800000064074993,0.0011676177382469177
715,0.1265999972820282,0.10657966881990433
189,0.06930000334978104,0.05873669311404228
440,0.4952000081539154,0.46928200125694275
446,-0.3603000044822693,-0.4079917371273041
437,0.4918000102043152,0.4422222673892975
785,0.00989999994635582,-0.0064317211508750916
305,0.14010000228881836,0.11387874186038971
732,0.28859999775886536,0.2979116141796112
658,-0.06989999860525131,-0.07515513151884079
468,-0.3727000057697296,-0.36322909593582153
576,-0.10849999636411667,-0.10764838010072708
1057,0.13279999792575836,0.11015527695417404
945,-0.2603999972343445,-0.30487555265426636
185,0.05849999934434891,0.041549284011125565
340,0.19949999451637268,0.1889057755470276
1110,-0.004999999888241291,-0.018764540553092957
195,0.0778999999165535,0.05941132456064224
361,0.21070000529289246,0.18871541321277618
45,-0.18310000002384186,-0.19640520215034485
452,-0.35420000553131104,-0.4052508771419525
82,-0.2370000034570694,-0.24079442024230957
975,-0.17139999568462372,-0.1973971128463745
401,0.760200023651123,0.6769397854804993
1266,0.1469999998807907,0.131591796875
648,-0.07649999856948853,-0.09687153249979019
492,-0.3912999927997589,-0.4260917603969574
441,0.4936000108718872,0.4803079068660736
317,0.3499999940395355,0.2622469365596771
1053,0.018300000578165054,-0.013132564723491669
409,0.7827000021934509,0.7375616431236267
290,0.5521000027656555,0.52130526304245
914,0.3260999917984009,0.32478809356689453
1193,0.4683000147342682,0.3741941452026367
170,0.4643999934196472,0.4151898920536041
84,-0.21480000019073486,-0.2345387041568756
669,0.009999999776482582,0.011057019233703613
780,-0.004999999888241291,0.003334946930408478
392,0.21230000257492065,0.44779396057128906
371,0.4165000021457672,0.35349467396736145
1158,0.08799999952316284,0.06536815315485
1345,0.4108999967575073,0.3928304612636566
380,0.47510001063346863,0.4492843747138977
748,0.3564999997615814,0.3339709937572479
471,-0.37220001220703125,-0.3693520128726959
96,-0.066600002348423,-0.08417075127363205
460,-0.3490000069141388,-0.39857813715934753
636,-0.1120000034570694,-0.1163724735379219
1295,0.6243000030517578,0.572481095790863
1249,0.14710000157356262,0.10255343466997147
1122,0.18369999527931213,0.20758207142353058
443,-0.3700999915599823,-0.39030981063842773
628,0.23690000176429749,0.229600727558136
343,0.20759999752044678,0.17168951034545898
1089,0.33500000834465027,0.3553069233894348
855,0.5058000087738037,0.42065274715423584
117,0.03739999979734421,-0.018846817314624786
881,0.06109999865293503,0.04363616555929184
1245,0.13840000331401825,0.11567464470863342
773,-0.01590000092983246,-0.03348127752542496
1148,-0.019999999552965164,-0.03370038419961929
8,-0.20550000667572021,-0.2699000835418701
702,-0.03319999948143959,-0.05856429785490036
604,0.013000000268220901,-0.012743636965751648
122,0.020800000056624413,-0.00725245475769043
228,0.03139999881386757,0.0035264045000076294
1228,0.26489999890327454,0.27761393785476685
650,-0.07760000228881836,-0.11111659556627274
1042,-0.03269999846816063,-0.0809304490685463
1265,0.14480000734329224,0.1094784066081047
194,0.07999999821186066,0.043691881000995636
370,0.41670000553131104,0.3694142997264862
283,0.5735999941825867,0.4741571545600891
499,-0.09229999780654907,-0.17102840542793274
197,0.2660999894142151,0.21541213989257812
1135,0.025800000876188278,-0.0029548928141593933
312,0.1469999998807907,0.14409294724464417
1142,0.02410000003874302,0.009631067514419556
882,0.061500001698732376,0.04112936183810234
909,0.32690000534057617,0.2568453252315521
1344,0.41339999437332153,0.3522525429725647
837,0.26269999146461487,0.1963232159614563
570,-0.0925000011920929,-0.1442437469959259
713,0.014999999664723873,-0.03342047333717346
444,-0.366100013256073,-0.4582272469997406
1081,-0.043299999088048935,-0.08901999145746231
1047,-0.02410000003874302,-0.056704290211200714
788,0.1817999929189682,0.10178925096988678
758,0.2892000079154968,0.2548995316028595
847,0.28119999170303345,0.22281932830810547
568,-0.09350000321865082,-0.12414867430925369
1009,-0.1185000017285347,-0.17881062626838684
329,0.3084999918937683,0.26448869705200195
717,0.12790000438690186,0.06563655287027359
1092,0.2791000008583069,0.2912386655807495
72,-0.24459999799728394,-0.28843414783477783
794,0.14890000224113464,0.13046205043792725
1066,0.10660000145435333,0.07829383760690689
725,0.1103999987244606,0.07388211786746979
954,-0.2660999894142151,-0.3619307279586792
893,0.1103999987244606,0.08492114394903183
871,0.5486999750137329,0.40492603182792664
966,-0.2644999921321869,-0.3208027780056
933,-0.27410000562667847,-0.3510378897190094
958,-0.1501999944448471,-0.2113255262374878
1206,0.02410000003874302,0.009830012917518616
841,0.26579999923706055,0.251667857170105
1317,0.12970000505447388,0.10978248715400696
144,0.2110999971628189,0.1817949414253235
220,0.09449999779462814,0.07030616700649261
226,0.09380000084638596,0.057479362934827805
608,0.16769999265670776,0.1523863971233368
68,0.023000000044703484,-0.040342263877391815
885,0.07460000365972519,0.04248989000916481
917,-0.25929999351501465,-0.37111204862594604
1213,0.05869999900460243,0.03882043808698654
341,0.20020000636577606,0.17632895708084106
614,-0.24950000643730164,-0.01777118444442749
31,-0.22779999673366547,-0.3201551139354706
863,0.03750000149011612,0.006663024425506592
271,0.052400000393390656,0.26591426134109497
1014,0.012799999676644802,-0.01115020364522934
1270,0.22550000250339508,0.19723835587501526
202,0.27000001072883606,0.28636202216148376
686,-0.04280000180006027,-0.054726921021938324
254,0.2913999855518341,0.25803402066230774
300,0.12800000607967377,0.11512856930494308
301,0.1290999948978424,0.10574860870838165
1343,0.41350001096725464,0.350720077753067
1283,0.37940001487731934,0.3257618844509125
988,-0.22499999403953552,-0.28987979888916016
872,0.5339999794960022,0.45613235235214233
516,-0.367900013923645,-0.5166288614273071
30,-0.2493000030517578,-0.2649763524532318
239,0.1606999933719635,0.1291591376066208
118,0.032499998807907104,-0.008475467562675476
574,-0.13300000131130219,-0.13732749223709106
227,0.03139999881386757,0.007667899131774902
1029,-0.02889999933540821,-0.05730099231004715
427,0.2694000005722046,0.21303218603134155
1263,0.14419999718666077,0.09775085002183914
1136,0.025599999353289604,0.0009015500545501709
1006,-0.24379999935626984,-0.3261178731918335
743,-0.05660000070929527,-0.08405809849500656
796,0.15160000324249268,0.11868806928396225
55,-0.08649999648332596,-0.16796278953552246
241,0.16030000150203705,0.13254550099372864
1242,0.13760000467300415,0.09524369239807129
260,0.4867999851703644,0.36546942591667175
826,0.0778999999165535,0.0466497577726841
1149,0.028300000354647636,0.0014699175953865051
723,0.10249999910593033,0.021840080618858337
674,0.016599999740719795,0.009533800184726715
205,0.17739999294281006,0.15665438771247864
1052,0.01269999984651804,-0.03180916607379913
1123,0.1843000054359436,0.23038557171821594
1229,0.22769999504089355,0.20840933918952942
410,0.7753999829292297,0.6939701437950134
1209,0.02590000070631504,-6.977468729019165e-05
19,-0.25589999556541443,-0.31218472123146057
199,0.2653999924659729,0.21803894639015198
813,0.08110000193119049,0.028685562312602997
1286,0.5514000058174133,0.4118797779083252
691,-0.030300000682473183,-0.07428454607725143
418,0.20190000534057617,0.17237380146980286
504,-0.30379998683929443,-0.37309420108795166
378,0.47440001368522644,0.405912309885025
1276,0.3449999988079071,0.26442813873291016
1241,0.13779999315738678,0.09638532996177673
1315,0.1289999932050705,0.12043687701225281
252,0.29100000858306885,0.28847554326057434
229,0.03229999914765358,0.00493602454662323
911,0.32679998874664307,0.33189061284065247
651,-0.0754999965429306,-0.10593437403440475
985,-0.051899999380111694,-0.12757131457328796
1252,0.14139999449253082,0.10345188528299332
430,0.26750001311302185,0.210031658411026
457,-0.36090001463890076,-0.4152083098888397
641,-0.09459999948740005,-0.12795251607894897
580,-0.09510000050067902,-0.13730335235595703
1043,-0.026100000366568565,-0.061083100736141205
178,0.014600000344216824,-0.004650048911571503
1285,0.37439998984336853,0.30874982476234436
179,0.022700000554323196,0.001278512179851532
73,-0.23849999904632568,-0.294626384973526
822,0.07429999858140945,0.06079723685979843
1038,-0.03519999980926514,-0.06800868362188339
1114,0.001500000013038516,-0.023401640355587006
569,-0.09619999676942825,-0.1258813738822937
1225,0.26899999380111694,0.18626728653907776
789,0.1834000051021576,0.20383580029010773
9,-0.20649999380111694,-0.27370449900627136
387,0.7312999963760376,0.6587192416191101
934,-0.2825999855995178,-0.3608647882938385
790,0.1843000054359436,0.2321445345878601
65,0.007699999958276749,-0.006028749048709869
825,0.07199999690055847,0.039278969168663025
712,0.01489999983459711,-0.020267710089683533
98,0.08820000290870667,0.056828007102012634
233,0.08980000019073486,0.06212962046265602
1250,0.1462000012397766,0.07949819415807724
48,0.05290000140666962,-0.09392528980970383
138,0.20569999516010284,0.15838980674743652
1026,-0.0364999994635582,-0.06431471556425095
1070,0.3068999946117401,0.22278305888175964
243,0.17630000412464142,0.13175761699676514
661,0.10270000249147415,0.03573929890990257
106,0.11630000174045563,0.1078687533736229
510,-0.19120000302791595,-0.2249256670475006
520,-0.35089999437332153,-0.4183588922023773
728,0.31929999589920044,0.19518214464187622
1061,0.1460999995470047,0.08391913026571274
860,0.022600000724196434,0.2251650094985962
405,0.761900007724762,0.6572546362876892
347,0.20239999890327454,0.17064261436462402
534,-0.36230000853538513,-0.4231528341770172
1094,-0.03970000147819519,-0.08431193977594376
51,-0.08969999849796295,-0.18725118041038513
148,0.4043999910354614,0.2961336374282837
873,0.5360999703407288,0.4988693296909332
1192,0.44859999418258667,0.4523487389087677
1261,0.14239999651908875,0.11868898570537567
719,0.12729999423027039,0.12083752453327179
462,-0.33649998903274536,-0.4234603941440582
396,0.14820000529289246,0.09875612705945969
20,-0.2517000138759613,-0.3073731064796448
753,0.3425999879837036,0.2917622923851013
525,-0.3617999851703644,-0.4306349456310272
846,0.2800000011920929,0.20807181298732758
1082,0.35920000076293945,0.26115286350250244
1175,0.4018999934196472,0.27559834718704224
592,-0.05920000001788139,-0.1173519566655159
1210,0.029999999329447746,-0.012931644916534424
968,0.004699999932199717,-0.056319527328014374
903,0.11999999731779099,0.08078274875879288
62,0.0052999998442828655,-0.08526455610990524
878,0.517300009727478,0.45323964953422546
820,0.07240000367164612,0.052361153066158295
1190,0.005100000184029341,-0.040730513632297516
598,0.059300001710653305,0.03364001214504242
1085,0.34389999508857727,0.3280363380908966
772,-0.014999999664723873,-0.04056248813867569
258,0.30570000410079956,0.2708284854888916
879,0.06030000001192093,0.05153742432594299
1177,0.39989998936653137,0.39999598264694214
349,0.12610000371932983,0.09536835551261902
71,-0.14970000088214874,-0.20551174879074097
3,-0.21490000188350677,-0.24942564964294434
920,-0.26660001277923584,-0.3495626747608185
57,-0.08550000190734863,-0.14008891582489014
296,0.09319999814033508,0.06303257495164871
1304,0.6478999853134155,0.6219065189361572
11,-0.24169999361038208,-0.30896759033203125
913,0.33090001344680786,0.32565838098526
1227,0.2671999931335449,0.2998446822166443
1251,0.14630000293254852,0.0738120973110199
1274,0.34380000829696655,0.2780132293701172
812,0.0786999985575676,0.025607198476791382
265,0.5245000123977661,0.48237934708595276
696,-0.07930000126361847,-0.08866826444864273
1164,0.2071000039577484,0.17422020435333252
1311,0.6500999927520752,0.5931711196899414
984,-0.0714000016450882,-0.08482734113931656
218,0.08699999749660492,0.07721914350986481
190,0.07119999825954437,0.039944909512996674
78,-0.23090000450611115,-0.27519550919532776
278,0.5529000163078308,0.5367106795310974
1050,0.01269999984651804,-0.03275918960571289
1305,0.6539999842643738,0.5695090889930725
327,0.30869999527931213,0.2578718364238739
1062,0.09939999878406525,0.06980665773153305
877,0.517300009727478,0.434672087430954
561,-0.10409999638795853,-0.12321237474679947
1077,-0.15129999816417694,0.0738440603017807
924,-0.2648000121116638,-0.33235397934913635
947,-0.24789999425411224,-0.3253490924835205
208,0.17409999668598175,0.1464945673942566
353,0.19789999723434448,0.17339204251766205
395,0.14030000567436218,0.101667121052742
639,-0.10520000010728836,-0.12709125876426697
398,0.7444000244140625,0.7002353072166443
965,-0.2502000033855438,-0.3460790514945984
1160,0.08829999715089798,0.05218442156910896
1049,0.01720000058412552,-0.03155019134283066
496,-0.374099999666214,-0.4491250813007355
1340,0.20340000092983246,0.1344442218542099
854,0.5012000203132629,0.47887513041496277
971,-0.18459999561309814,-0.2161005437374115
384,0.6273999810218811,0.5633367300033569
699,-0.042500000447034836,-0.05398445576429367
967,-0.25609999895095825,-0.310687392950058
899,0.11980000138282776,0.09654924273490906
268,0.536899983882904,0.49183979630470276
155,0.41269999742507935,0.3543055057525635
359,0.20800000429153442,0.18015259504318237
337,0.19979999959468842,0.15011382102966309
473,-0.3492000102996826,-0.38736215233802795
559,-0.04360000044107437,-0.08345656841993332
588,-0.059700001031160355,-0.12059017270803452
907,0.3278999924659729,0.25951090455055237
756,0.2892000079154968,0.25804316997528076
578,-0.10559999942779541,-0.11794913560152054
417,0.19939999282360077,0.15763923525810242
858,0.5095000267028809,0.4501558244228363
169,0.4424999952316284,0.45751845836639404
1306,0.6401000022888184,0.6126764416694641
28,-0.23119999468326569,-0.28591567277908325
956,-0.26100000739097595,-0.36025384068489075
478,-0.3714999854564667,-0.45744577050209045
679,0.03020000085234642,0.01991855353116989
526,-0.3783000111579895,-0.30294883251190186
494,-0.367900013923645,-0.35977593064308167
660,-0.05820000171661377,-0.03512696921825409
485,-0.35339999198913574,-0.3452867567539215
366,0.30799999833106995,0.2678253650665283
297,0.08720000088214874,0.0811639130115509
1284,0.37700000405311584,0.33035042881965637
589,-0.05979999899864197,-0.069857157766819
1178,0.4196999967098236,0.3210989832878113
1102,-0.03359999880194664,-0.03484424948692322
1310,0.6402999758720398,0.5774982571601868
991,-0.26080000400543213,-0.2594139575958252
619,0.2531999945640564,0.11826427280902863
276,0.5681999921798706,0.40930435061454773
546,-0.21889999508857727,-0.17721500992774963
1073,0.28630000352859497,0.23778817057609558
310,0.14489999413490295,0.14391401410102844
505,-0.6456999778747559,-0.30678319931030273
839,0.26499998569488525,0.20450226962566376
74,-0.25099998712539673,-0.22209027409553528
635,-0.11190000176429749,-0.08399555832147598
1197,0.44690001010894775,0.4420313239097595
987,-0.054499998688697815,-0.08595403283834457
369,0.30320000648498535,0.24291858077049255
761,-0.049300000071525574,-0.022057540714740753
214,0.09139999747276306,0.08439049869775772
157,-0.059300001710653305,0.19770336151123047
389,0.741599977016449,0.6159661412239075
201,0.2689000070095062,0.2992059588432312
454,-0.36329999566078186,-0.3076680600643158
156,0.4050999879837036,0.35535526275634766
511,-0.18060000240802765,-0.13927066326141357
483,-0.35830000042915344,-0.3317461609840393
665,0.10300000011920929,0.15411600470542908
103,0.09880000352859497,0.09795481711626053
1189,-0.004100000020116568,0.010908104479312897
828,0.08100000023841858,0.09560920298099518
50,0.05510000139474869,0.04379582405090332
844,0.2791999876499176,0.2261177897453308
744,0.36399999260902405,0.22165146470069885
1333,0.19329999387264252,0.19370830059051514
980,-0.060600001364946365,-0.08873433619737625
1289,0.6398000121116638,0.5137605667114258
