file,"dielectric constant, ionic",split,Predicted
1,-1.2010673458893963,train,-1.0696653
2,-1.1266065102195084,train,-1.0798712
3,-0.8296284448439917,train,-0.6849079
4,-1.2206883694954023,train,-0.9726653
5,-1.4588222129681503,train,-1.1827811
6,-0.8998624735838211,train,-0.7759023
7,-0.9773528988965653,train,-0.61612296
8,1.0158071312788592,train,0.35788563
9,-1.37088638139426,train,-1.3054457
10,-0.910760418310809,train,-1.2136201
11,-1.4965703661748515,test,-1.2978076
12,-1.8491615937736157,train,-2.1104214
13,-2.02177155970268,train,-1.8655742
14,-0.7160148378833463,train,-1.5151798
15,-1.7559156928888315,train,-1.3320886
16,-1.4672705203581877,train,-1.2735872
17,-1.6541447865382133,train,-1.772122
18,-0.9529964039383755,train,-1.1742077
19,-1.6641356571535248,train,-1.7984742
20,-2.146675972501975,train,-1.955507
21,-1.5548963945203604,train,-1.2970519
22,-1.9268825318941443,train,-1.5870526
23,-1.9958195618569727,train,-2.3141935
24,-1.0020320852707922,test,-1.0122524
25,-0.7961565067901571,train,-1.0391979
26,-1.3526478063610188,train,-1.3131776
27,-2.034280403244509,train,-1.9671925
28,-1.621175798688554,train,-1.5862994
29,-1.5484396943316698,train,-1.3253268
30,-1.166602671531844,test,-1.2055875
31,-1.304244997603557,train,-1.0226749
32,-1.48468734718691,test,-0.79693294
33,-1.7476198552984719,test,-1.3455198
34,-1.002123175447085,train,-0.9902403
35,-1.3276098185558074,train,-1.0381718
36,-1.5603157153747071,train,-1.3099447
37,-1.4216931854291606,train,-1.4049699
38,-1.2921117184976403,train,-1.2263699
39,-1.0620895108283228,train,-1.1143975
40,-0.9991122116300745,train,-1.0228652
41,-1.2424682043104518,train,-1.197473
42,-0.5968578830292836,train,-0.21421403
43,-0.26528778619728877,train,-0.24436627
44,-0.7073983461345762,test,-0.49660227
45,-0.7731328167870922,test,-0.76785517
46,-0.67538062070409,train,-0.62652904
47,-0.4556560378491768,train,-0.5144697
48,-0.6496628348141171,train,-0.9994275
49,-0.5640834682145179,test,-0.9415522
50,-0.3400453364895128,test,-0.7745127
51,0.248469412269864,train,0.48979706
52,-0.4228568649893081,test,-0.16080646
53,-0.3261118579294094,train,-0.08506833
54,-0.3196504624287985,train,0.21196899
55,-0.001775818659800343,test,0.16670178
56,-0.4749266865798448,train,-0.13296105
57,0.021425883026714075,test,0.062468603
58,-0.7790218305991571,train,-0.58729476
60,-5.199337582605575,test,-3.1925616
61,-2.0609013494053015,train,-2.1543252
62,0.02592461352578518,train,0.37436855
63,-0.5162995611031471,train,0.09581895
64,0.4417615568660167,train,0.33804938
65,-0.3203845893166624,test,0.18810292
66,-0.49691457869927425,train,-0.37359422
67,-0.6121350927694545,test,0.08896557
68,-0.3682205342446764,train,-0.11949522
69,-0.5819678905843447,train,0.050034575
70,-0.384379148138476,train,0.37829208
71,1.7005171251185405,train,1.8431885
72,-2.1267917951534696,test,-2.3272338
73,-2.5121426826125033,train,-2.1703935
74,-3.152778483035398,train,-2.614759
75,-2.38863840726049,train,-2.2538338
76,-2.2569257394745095,train,-2.1492572
77,-2.1935870083125826,train,-2.2156844
78,-2.170198798320873,test,-1.6588185
79,-1.6149875197492307,train,-1.3494264
80,-1.6720748996253791,test,-1.7574034
81,-1.4019890005189142,train,-1.482682
82,-1.8807035423556047,train,-1.534942
83,-0.8589811027961731,test,-1.0161065
84,-0.6926885749040831,train,-0.93979126
85,-1.1845777638400894,train,-1.327298
86,-1.5231391559543817,train,-1.1176324
87,-1.3911225733907384,train,-1.2620608
88,-1.2765303113654487,test,-1.2622728
89,-1.0313032495343808,train,-0.97984093
90,-1.6416840295884543,train,-1.2418764
91,-1.0551778902899904,train,-1.4522562
92,-1.5058425804285196,train,-1.1385752
93,-1.3097851569773287,train,-1.0749328
94,-1.7989615763588482,train,-1.7195271
95,-1.730912602127967,train,-1.4057345
96,-0.8517453808649806,train,-0.86384827
97,-1.0775757567790571,train,-0.80576533
98,-0.8195263739364689,test,-0.61071604
99,-0.6042117859791188,train,-0.47834036
100,-1.051949591624348,train,-0.91150886
101,-0.9670748181179958,train,-0.7512566
102,-0.7301675911781318,train,-0.42199695
103,-1.247799119237214,test,-0.75434965
104,1.2208379189509662,train,1.0395696
105,-0.4921050955790967,train,-0.6891169
106,0.4516729795679046,train,0.5961894
107,-1.1451173789519662,train,-1.2176079
108,-1.8335274211877692,train,-1.5889959
109,-1.4071520758045764,test,-1.3214458
110,-1.2880695139369749,train,-1.3644203
111,-1.6069893321614985,test,-1.4669161
112,-1.265249671116115,train,-1.2325195
113,-0.4810493621503781,train,-0.90011734
114,-1.4815247893798562,train,-1.4899836
115,-1.3219814320653105,test,-1.5866686
116,-0.8434364230837819,train,-1.2492365
117,-1.5802133705237735,test,-1.4723302
118,-1.0139335666889209,train,-1.0216928
119,-1.7228631833956767,train,-1.6852207
120,-2.0459981528194575,train,-2.0723927
121,-2.5537117097613313,train,-2.280984
122,-1.5000578107080913,train,-1.1751645
123,-1.5181968329344495,train,-1.5222461
124,-0.8331694617008241,train,-0.9331583
125,-1.7039315401409953,test,-1.5802815
126,-2.6471175903840662,train,-2.1358957
127,-1.8853756005890598,train,-1.7166197
128,-1.164096723797082,train,-1.0633568
129,-1.0481984015124468,train,-1.1736369
130,-1.0914602413715755,test,-0.8721469
131,-0.9378540160798549,train,-0.8578142
132,-1.2180049354087015,train,-0.98128134
133,-0.33524030130938626,train,0.21077195
134,0.9714054971915858,train,0.41959286
135,-1.1948176658146914,train,-0.91650516
136,-0.9502108262854789,train,-0.77806085
137,-1.083350246876222,test,-1.0675896
138,-0.8781960505729157,train,-0.9052876
139,-1.0321502230625652,train,-0.5510718
140,-0.21357885714637823,train,-0.20673934
141,-0.8956130031441146,train,-0.92180145
142,0.2190081284652833,test,0.3543268
143,-0.33860201697780234,train,-0.4015154
144,-0.5820725861024288,train,-0.4332699
145,0.13470988600195702,train,0.26361755
146,-0.5225667714418182,train,-0.40875107
147,-0.759424464839343,train,-0.63858926
148,-0.28909605183598613,train,-0.34712562
149,-0.37636145347391164,test,-0.42819378
150,0.6149187513562647,train,1.0198265
151,0.3354906970994705,train,0.7128937
152,0.1396119596022752,train,0.54649806
153,0.5265755710958415,train,1.1044757
154,0.7347625861783208,train,0.9151326
155,1.3336807770831407,train,0.9467729
156,0.7656720422219417,train,0.96474546
157,-0.552448526384942,test,-0.08940277
158,-0.45558516300665197,test,0.18955386
160,-2.8332437305585563,train,-2.8988488
161,-2.945734401641006,test,-2.3782828
162,-2.2817774616190865,train,-2.2870648
163,0.8515793962326043,train,0.92444724
164,2.0185101550121356,train,1.5330452
165,0.5720158933487989,train,0.85335517
166,2.511805822263473,test,1.5349066
167,0.4804662383618703,train,0.68876255
168,-0.33142063787157994,train,0.38095868
169,1.6497234778982826,train,1.477876
170,0.15385805977403255,train,0.3404499
171,2.3285606269461163,test,1.3608478
172,0.7494338742678635,train,1.330539
173,-0.42751974333766596,test,0.71586525
174,0.190927367943453,train,0.29797202
175,-2.077737985264639,train,-2.0066712
176,-1.8380090766864412,train,-1.2914445
177,-1.9120333008893255,test,-1.5873195
178,-1.9416088380446475,test,-1.9514865
179,-2.219759154390816,train,-2.0739467
180,-1.9935357288417443,train,-1.9278557
181,-2.4296285280887555,train,-2.4010994
182,-1.5298591345058141,train,-1.4383183
183,-1.0182442757127739,train,-1.1220932
184,-1.064943738658101,train,-1.1252267
185,-0.9158176259571823,train,-0.9738859
186,-1.0195045339891684,train,-1.1244754
187,-1.4606515286534667,test,-1.3043393
188,-1.2972074714107193,train,-1.1676048
189,-0.7547465732896366,train,-1.0841968
190,-0.865915526621636,train,-0.84500957
191,-1.1343247884029888,train,-1.1059322
192,-0.9892001421643557,train,-0.935948
193,-0.8497020166200498,train,-0.7145306
194,0.12375317313536378,train,0.47158334
195,-1.4457288528440633,test,-1.0251374
196,-1.6896410517348692,train,-1.7027024
197,-0.9647151388646338,train,-0.83498
198,-0.9703914810385866,train,-0.78868663
199,-1.3611583997716952,test,-0.83677024
200,-0.36549730329828506,train,-0.21629032
201,-0.6057001005770979,test,-0.16362113
202,-0.12942890159521628,test,-0.24206083
203,-0.46680312523644857,train,-0.37974247
204,-0.3609131326020942,train,-0.201712
205,-0.5731153914071754,train,0.081298634
206,-0.4367743362628518,train,0.017059412
207,1.2705161813085162,train,1.1629214
208,-1.2059630813596862,train,-1.0375581
209,0.7378569273548403,train,1.0315343
210,-0.21921985984094697,train,0.054429106
211,-0.6398353863994974,test,0.15747494
212,-0.08186514873075788,test,0.31173784
213,-0.985327103106121,test,-0.7949337
214,-1.5919070967834874,train,-1.4445304
215,-1.2272124644828946,train,-1.3154896
216,-1.1753211754127866,train,-1.2014494
217,-1.0438101636190806,train,-0.8938371
218,-1.432601375058028,train,-1.3728323
219,-0.7195177889038014,train,-0.79753494
220,-1.2616402223144045,train,-0.9714082
221,-1.3525705125331107,test,-1.5253061
222,-0.9199457979609529,train,-0.9066142
223,-0.7398719240510607,test,-1.5744712
224,-1.9668769343287935,test,-0.8861382
225,-1.3162547101261088,train,-1.5017211
226,-0.5790005292787469,train,-0.9374061
227,-1.469630925229402,train,-1.6094669
228,-1.9450362266342707,train,-1.8474191
229,-2.313279353085524,train,-2.365209
230,-1.4152438598813637,train,-1.1200119
231,-1.281596523808981,train,-1.2125297
232,-0.8583976689129206,train,-1.059567
233,-0.9180091314071588,train,-1.1026099
234,-1.1700744586350749,test,-1.3415037
235,-1.3643088635672955,train,-1.5285408
236,-1.6953946762025693,test,-1.4233956
237,-0.8268516293419281,train,-0.8153571
238,-0.8759906109495288,train,-1.2305378
239,-0.9112074425932881,train,-0.7951897
240,-1.03885242854702,test,-1.0486656
241,-1.0975511704770065,train,-0.905922
242,-0.7426280633903414,test,-0.8376242
243,1.658905289687352,test,1.0592463
244,1.9034518654125603,train,0.98792905
245,-0.529446052869754,train,0.11540082
246,-0.8389168531039869,test,-0.35200566
247,-0.6772266151087264,test,-0.35024872
248,-1.086013363497736,train,-0.98751384
249,-1.1140090254510717,train,-1.108718
250,-0.6863603270442193,test,-0.869066
251,-0.7367528660889308,train,0.14355375
252,0.5264147493456426,train,0.56511474
253,-1.5726530066732174,train,-0.92741925
254,0.4170111276238191,train,0.45068377
255,0.018364983633650637,train,0.23435451
256,0.3441997198957482,train,0.6942658
257,0.37629944335423243,test,0.37929374
258,1.5666277285936516,train,1.3655823
259,-0.21574249132120338,train,0.5398902
260,-0.6083288754228416,train,-0.6289167
261,-0.2578113250145053,train,-0.20776424
262,0.012936392509797086,test,-0.11510631
263,0.38984572746525475,train,0.5611435
264,1.6708994383438305,test,1.5122101
265,1.915681148014201,train,1.456483
266,1.4789813610286504,train,1.5887517
267,1.0075377738337412,train,1.1428388
268,1.2133786527753472,test,0.8418454
269,0.881061019922655,train,1.2529126
270,-0.2707955861387442,train,0.028072301
271,0.2438710992828014,train,0.32569665
273,-2.3658388995648325,train,-2.2767441
274,-2.6548838387735674,test,-2.214004
275,-2.2274101601470377,train,-2.4695454
276,0.6902554235371987,train,0.74664545
277,0.5350077643367571,train,0.6556643
278,1.2820728240955395,train,1.5611137
279,2.6090530527711477,test,0.90672314
280,-0.024389088637264706,train,0.38420802
281,2.0331245466645673,test,1.4448023
282,1.3125443645013914,train,1.5710975
283,0.19721924921385772,train,0.31318122
284,1.4444033220903738,train,1.6239315
285,0.9263823087923998,train,1.3549432
286,1.6226109526237444,test,1.6644483
287,0.4334680687990835,train,0.75790477
288,-0.071951129330298,train,0.15210333
289,0.5398749668932701,train,0.739732
290,0.658188950340351,test,0.7825725
291,-1.707555345659798,train,-1.3579938
292,-1.7277011424193187,train,-1.4023672
293,-1.257360563230129,test,-1.3255026
294,-0.9939296779229186,train,-1.3168168
295,-1.4829517155681282,test,-1.9165915
296,-2.1140314042276644,train,-1.6537181
297,-2.3345817154495347,train,-2.0939693
298,-1.2407783362234843,train,-0.6666768
299,-1.5997582250179907,train,-1.341989
300,-0.6795200317720936,test,-0.9401596
301,-0.8623009011093427,test,-0.8978799
302,-0.5200328628600157,test,-0.9649551
303,-0.7641622653535992,train,-0.87190557
304,-1.1169292841711114,train,-1.2160274
305,-1.0893439697012177,train,-0.7995445
306,-0.6390853626850876,train,-0.45916533
307,-0.30677321648175143,test,0.29392815
308,-0.3002214410962699,train,-0.16337305
309,-0.23423026394115584,train,-0.1831009
310,-0.2968592829956562,test,-0.010455446
311,-1.332600349426035,train,-1.2386214
312,-0.19017563804440688,test,0.6581988
313,0.04576938493184832,test,0.8155458
314,-1.3912707647840268,train,-0.96832854
315,-1.3422142737019522,train,-1.4651494
316,-0.6456682750700324,test,-0.9311548
317,-0.9458138983088413,train,-1.0764823
318,-1.2572679637054107,train,-1.341887
319,-1.2151566494663664,train,-0.7121878
320,-0.3499799109051521,test,0.318413
321,-0.557230861213954,train,0.41544265
322,1.927037862000144,train,1.3730717
323,3.0998699205179703,train,1.4978305
324,0.1761436749160444,train,0.18316652
325,-0.4334819332661359,train,-0.3032878
326,0.3282480943121972,test,0.15034814
327,0.5449033869543253,train,0.4247422
328,2.1976124427877934,train,1.9225997
329,-0.03344342104223929,train,0.33273456
330,-0.6261566163968425,train,-0.34753004
331,0.7123646030506099,train,1.1191282
332,0.2628475702852594,train,0.60726374
333,0.46483414449566957,train,0.38034803
334,-0.341700234708607,train,-0.04401952
335,-0.6635777067006238,test,-0.1415849
336,-1.1064253946115603,train,-1.0666324
337,-1.1035775804706895,train,-0.82871735
338,-0.9936778113623831,train,-0.7593319
339,-0.7653155039490787,train,-0.75955975
340,-1.2077509759331573,train,-1.1728396
341,-0.6240698701126618,train,-0.71288604
342,-0.8206651877407943,train,-0.58261925
343,-0.4308256226974359,test,-1.4390463
344,-1.1184278877021079,train,-0.69089794
345,-1.630324289711833,train,-1.4194402
346,-1.048791791879328,test,-1.6710632
347,-0.6292643909621665,train,-0.6835644
348,-1.1393860882621447,test,-1.4866714
349,-1.334778926684066,train,-1.4501202
350,-1.8679871092857474,test,-1.713125
351,-2.747616492848641,train,-2.4935477
352,-1.0240217194035697,train,-0.7670646
353,-1.1542000838378805,train,-1.0329074
354,-0.6677678338607519,test,-0.69919246
355,-0.8003038537211529,test,-0.7911852
356,-0.8516599461582978,test,-1.0484918
357,-0.7451481065682406,test,-0.7701077
358,-0.9273761204931534,test,-1.0543728
359,-0.6815607936513345,train,-0.5804345
360,-0.11440070708501537,train,-0.54666644
361,-0.3865432895563145,train,-0.5270843
362,-0.8127814537591954,test,-0.60109323
363,-1.010390620707553,train,-0.90851146
364,-1.098256654850031,train,-0.6818421
365,-0.41700547973589036,test,-0.552568
366,2.196196799858995,train,1.0572668
367,2.0726316058596175,test,1.0049121
368,-0.487651572482837,train,-0.107299365
369,-0.40542625973030527,test,0.2005194
370,-0.9786613796147706,train,-0.8413053
371,-1.0610695012523694,train,-1.075123
372,-0.6455974336871095,train,-0.4618729
373,-0.270159345858223,train,0.18678053
374,1.0792449807963878,test,0.28590637
375,-0.6655521159654375,test,0.032450274
376,0.014768602760648154,train,0.54286647
377,0.04875606991163104,train,0.38772517
378,5.19933758270342,test,1.3618811
379,2.406429018703349,train,1.5326419
380,1.1452082437511648,train,1.1929966
381,0.5538435216382271,test,1.3811985
382,-0.5079421421913218,train,-0.39303675
383,-0.3023271318257759,train,-0.12987892
384,1.8098897099174351,test,0.08146869
385,0.1499449978829306,train,0.50254047
386,1.6956880038062168,test,1.3509127
387,0.9380992244472347,train,1.4371735
388,1.723149941362092,train,1.6203694
389,1.3044762196632451,train,1.1454219
390,0.5809156466297021,train,0.86945504
391,1.3856428673391157,train,1.4250938
392,-0.028912863555664563,train,0.033883233
393,0.4194754243667662,train,0.68412066
395,-1.7624114780216624,test,-1.4768126
396,-1.9094434670162217,train,-2.0393224
397,0.49673063434822795,train,0.81542546
398,1.4038085270527008,train,2.0360982
399,0.6812883362650963,test,0.51672626
400,1.053296527865894,train,1.5841051
401,1.3722636537526127,train,1.2345337
402,0.7478848324449601,train,1.3343508
403,1.292117468397977,test,1.5574193
404,1.8661514547412685,train,1.9026383
405,0.2708583856645713,train,0.5513481
406,1.1495435203956221,train,1.485002
407,0.9559605652678522,train,1.846798
408,1.561266488213364,train,1.3325009
409,-0.3799396917277656,train,-0.035252243
410,0.5960973534964636,train,1.2980554
411,-1.3410922013707636,train,-1.3459542
412,-1.569157164868666,train,-1.0539528
413,-1.7905982633939777,train,-1.5304214
414,-1.3158358819472835,train,-1.4632634
415,-1.8022913207276514,test,-1.5503141
416,-1.1597852087234652,test,-0.10071992
417,-1.5128236394646903,train,-0.6460153
418,-0.5939828272829426,test,0.27103898
419,-1.1097680045279719,train,-0.79885536
420,-0.5685265041392835,test,-0.23322032
421,-0.8122698039967913,train,-0.5194517
422,-0.4304492949042564,train,-0.21694955
423,-0.40139901436312364,train,-0.21146326
424,-0.29902741579876907,train,0.21868265
425,-0.6705361182256838,test,0.3039919
426,0.09174542253806472,train,0.80056095
427,0.6172168654518293,test,1.0601635
428,-0.3555801493740676,train,0.61876315
429,2.3653909283254038,train,1.0096169
430,-0.8062501989838371,test,0.52792895
431,0.6208345606714647,train,0.9151772
432,-0.395787479079231,test,0.48953938
433,-0.7764135157594286,test,0.47860253
434,-0.6725798911348932,train,-0.5809517
435,-0.3290389980568237,train,-0.16159078
436,-0.35445576378233273,train,-0.26588503
437,-1.0713527151234263,train,-0.75292945
438,-0.25606227039955715,test,0.26940253
439,-0.5292256068994412,train,0.3135978
440,1.9600666964373943,test,1.0600824
441,-0.7881231014715852,train,0.36973178
442,1.8381560334723759,train,1.0424352
443,-0.6007620560247016,test,-0.8109957
444,-0.6992548617884432,train,-0.4438571
445,-0.5139561010624749,train,-0.22000043
446,-0.20198124814699317,train,0.050865825
447,-0.39226190653411275,train,-0.22927327
448,-0.4672252678466764,train,0.17923632
449,-0.20885723679175844,train,0.1330243
450,-0.33620399016671476,train,-0.22557111
451,-0.6182612680611889,train,-0.021548713
452,-0.5340198233393584,test,0.42092508
453,-0.38344540005674743,train,-0.17779325
454,0.06573605025801581,train,-0.30353525
455,0.29783076956718635,train,-0.3755315
456,-1.2336630404917113,test,-0.9510049
457,-1.194583447353753,train,-1.1880397
458,-0.9377563245051083,train,-0.77824986
459,-0.7350750249845981,train,-0.7752253
460,0.764779989011104,train,0.7108563
461,-0.6863189665903053,train,-0.31401032
462,-0.7579432260048956,train,-0.7106385
463,-0.826404574595433,train,-0.7274943
464,-0.7862497333879251,train,-0.6800083
465,-0.47057165830418324,train,-0.6645325
466,-0.4400185835810927,test,-0.83657056
467,-0.7532099306740179,test,-0.37157348
468,-0.5042279978435856,train,-0.4910973
469,-1.2699106675609309,test,-1.427443
470,-0.7344994807586499,train,-0.60952324
471,-0.6240698701126618,train,-0.30518934
472,-0.05157073264497232,train,-0.28336936
473,0.4770315789329064,train,0.10216525
474,-0.611309199263053,train,-0.34733146
475,-0.2605081298017555,train,-0.087963276
476,-0.9055388307464052,test,-0.22470133
477,0.5231096997240857,train,0.5365791
478,0.3706948868681729,train,0.30984658
479,-0.3601717239541596,train,0.011582625
480,-0.5731153914071754,train,-0.44637185
481,-0.3484823550239827,train,-0.21888714
482,-0.4180423763971709,train,-0.2029251
483,-0.5392078810465813,train,-0.24289335
484,0.23865142590983418,test,0.35226223
485,0.2887640453217194,train,0.15311119
486,-0.9064633223971329,test,-0.63551444
487,-0.8721719701764592,train,-0.86201483
488,-0.7134616107926389,train,-0.7943173
489,-0.42119344001535314,train,-0.17749293
490,-0.31058469069382033,test,-0.06450716
491,0.22054546240715286,test,0.71997684
492,0.8947422465734136,train,0.79333204
493,-0.15116605343511724,train,0.4869464
494,-0.0550865565488305,train,0.5466313
495,0.07240759773530364,test,0.23753005
496,0.621125878552592,train,0.5840213
497,-0.18825253071537476,train,-0.077350825
498,-0.4143105545506692,test,-0.2610295
499,0.14040078817024063,test,-0.022683503
500,1.2617458753260435,train,1.6756209
501,1.1279089406562046,train,1.2970551
502,0.2361811035686606,test,0.9238909
503,0.349586716687848,train,0.8363195
504,0.5044721978655432,train,0.8874199
505,0.10665136083959934,train,0.35698432
507,-2.4636059365906373,train,-2.603315
508,0.8189805424114213,train,1.1597445
509,0.8376027201814235,train,1.2946608
510,-0.12168033092310371,train,0.37436312
511,2.153587667357989,train,1.2597578
512,0.5852932896743485,test,1.7534362
513,0.7947864528571225,train,1.2591004
514,1.2931331545280476,train,1.4004629
515,0.8363293453426247,train,1.2631656
516,1.7621201357266336,train,1.9557773
517,0.5490955322803345,train,0.98988295
518,1.7326455530891196,train,1.8121629
519,-2.0979223367814295,test,-1.7049954
520,-1.6813210479630432,test,-1.0636646
521,-1.8199771871445878,train,-1.7533405
522,-0.8848963869003217,train,-0.8957413
523,-1.5395225509733228,train,-1.5657791
524,-1.418807699504216,train,-1.0037144
525,-1.4392565283024508,train,-1.4402398
526,-0.09112098634754015,train,0.13335578
527,-0.30740316551945507,train,-0.05600754
528,-0.3989761453090236,test,0.18947412
529,-0.8402634199095722,train,-0.5626789
530,-0.46418804133639235,train,-0.24532674
531,-0.3521874912585639,train,-0.17092215
532,-0.4734526335363612,train,-0.56496465
533,0.587919522526964,train,0.3298566
534,0.36623591922781495,train,0.32118353
535,0.31845014658224896,test,0.31615245
536,0.432782571904933,train,0.2734679
537,0.003373598362930222,train,0.17445585
538,-0.8449502220392743,test,-0.7720324
539,-0.6991038597951226,train,-0.72698253
540,0.646649734704379,test,0.2499822
541,0.4583338955526747,train,0.35373914
542,0.8972709874635637,test,0.19160518
543,0.5091602103513279,train,0.08110371
544,-0.16749767433679077,test,-0.06265661
545,-0.10466401338024943,train,-0.14438397
546,-0.23360309660551415,train,-0.23126645
547,0.582615101330688,train,0.28632694
548,-0.3718276497901572,test,0.46490628
549,0.1836287908822284,test,0.65609187
550,1.9773792138055932,train,1.189211
551,-0.2922131406829116,train,0.12244452
552,-0.04271269358684843,train,-0.026037501
553,1.3924274091170912,train,1.2057852
554,-0.08959315401262537,test,0.040143818
555,0.9813245975300675,test,0.077450976
556,0.15974664513429765,train,0.30090895
557,1.5129095693829213,train,1.1958797
558,1.7539640292645768,train,1.6800833
559,-0.500521486891736,test,0.42664307
560,-1.0238271716114655,test,-0.8414817
561,-1.0102415934255513,train,-0.6975456
562,-0.053522977608967647,train,-0.4888675
563,-0.5850873585710598,train,-0.524269
564,-1.0361573832071254,test,-0.76595974
565,-0.50330067195366,train,-0.509189
566,-0.5772229311937228,test,-0.5454483
567,-0.008202699992486415,test,0.14752151
568,-1.298891359804411,train,-1.0813329
569,-0.7048510935331592,train,-0.59981984
570,-0.8817318596809942,train,-0.6425182
571,-0.44175827639433657,train,-0.8367092
572,-0.9454125383441992,train,-0.69403714
573,-1.225239085638495,test,-1.219798
574,-1.4477445138851799,train,-1.468077
575,-1.3833989406674263,train,-1.6111294
576,-0.6928380763277,train,-0.9021532
577,-0.49796503590338737,train,-0.655871
578,-0.9327940022629142,train,-0.7800339
579,-0.4093471455128934,test,-0.65069735
580,-1.6541447865382133,train,-1.5512242
581,-0.8845697299282618,test,-0.91104275
582,-1.190451060229493,train,-0.7433089
583,-0.20817380225110652,train,-0.16113316
584,0.5788971674203395,train,0.12797065
585,-0.2111454652736562,test,-0.1506643
586,-0.16511592077503168,train,-0.03818074
587,-0.169417048879499,test,-0.07220727
588,0.3816209600299995,train,0.47067404
589,0.3234272126285181,train,0.49336505
590,0.2848841955469546,test,0.35863137
591,0.008772599871166646,test,0.16293834
592,-0.15822199392211853,train,-0.012046156
593,2.2301236239639604,train,1.1262805
594,2.100856884333464,train,1.1787759
595,0.2617850488856315,train,1.1857021
596,-0.31241607548634337,test,0.3080456
597,-0.2515445772519283,train,0.37185726
598,0.455014338170805,train,0.12735336
599,1.4607920100163179,train,1.4769742
600,1.590172568303201,train,1.4977777
601,1.2576911822345336,train,1.1071718
602,1.095562157113543,test,0.7502457
603,0.9966610542227538,test,1.2716978
604,0.7477265819102351,test,1.1740874
605,0.3069547433010456,test,0.56063867
606,0.38629226302644937,train,0.38939607
607,1.2020663610723483,train,1.5311004
608,1.1553544484336475,train,1.3027157
609,0.5904497060801479,train,0.69855076
610,0.8784133349543958,train,0.79311436
611,0.854100675934636,train,0.95587116
612,0.5595604422918078,train,0.65790355
613,0.625984656403052,train,1.310686
614,1.1350527382711457,train,1.2128526
616,-1.6348130537302212,train,-1.7361429
617,-1.7672908527248437,test,-2.017402
618,-1.9774216976631738,train,-2.2350802
619,0.9981005708968712,train,1.154471
620,0.9080292767441481,test,1.106995
621,1.02090503126563,test,0.6875781
622,0.7416005761467105,test,1.1134722
623,0.7281164603236707,train,1.0218047
624,0.6770651498962228,test,0.9885309
625,0.663192933156964,train,0.7329988
626,0.844657858255147,train,0.9427322
627,1.2535744340070505,train,1.2438898
628,2.856136711186986,test,0.71285474
629,0.8061447680172779,test,1.1104614
630,1.6137545254880623,train,2.0293179
631,0.8293501489163403,train,0.9685164
632,1.3015188200611316,train,1.7251852
633,1.5544809562559319,test,1.671351
634,-0.7931518625018795,train,-0.75432694
635,-0.8085416913302711,test,-0.6365042
636,-0.6333045482231282,train,-0.8836329
637,-0.6962290242803031,train,-1.1623057
638,-1.1482619349984646,train,-1.1148807
639,-1.3781265621566128,train,-1.1789458
640,-1.0703372494145251,train,-0.8971295
641,-1.3983262618061423,train,-1.5346148
642,-1.183938567935322,train,-1.1176383
643,-1.1414093684358841,test,-0.9374197
644,1.8512446120189956,train,1.2190769
645,0.11969103224714521,test,0.7476713
646,-0.1280698595066972,train,0.3938925
647,-0.023787404497451772,train,0.121120796
648,-0.6419101252984827,train,-0.36756802
649,-0.09701034973994183,train,-0.061819255
650,-0.0932884358499438,test,0.3946576
651,0.08664106049921005,test,1.0880942
652,1.2748300510439001,train,1.1582432
653,1.496137964003252,train,1.2843103
654,1.1854143655332412,train,1.3047521
655,1.1307568824527774,train,1.1415373
656,0.7233967972960026,test,1.3113328
657,0.8395754265393126,train,1.0899526
658,0.5417619849685589,test,0.94928885
659,-0.5378081509013459,train,-0.6207916
660,-1.3742756379692307,train,-1.2624836
661,1.0269039244618452,train,0.8413546
662,-0.39249257846757907,train,-0.3613196
663,-0.7082633000857891,train,-0.2928882
664,-0.6584282154697685,train,-0.4089075
665,0.6655910728800034,train,0.71176827
666,0.5238854024468995,train,0.7053004
667,1.0128534279914632,test,0.6048329
668,0.6291032146124234,train,0.7112066
669,0.859083636678508,train,0.652297
670,0.6515681423163308,train,0.76205957
671,-0.06560808475401429,train,0.25353745
672,0.23424186978639475,train,0.33572844
673,0.7348371620303995,test,1.1424922
674,0.1870670379881339,train,0.22798656
675,0.32054421302346425,test,-0.08862254
676,0.48129074987879833,train,0.7407358
677,0.4607479727486925,train,0.3244715
678,1.3095902123209733,train,0.9593306
679,1.3830984103579769,train,1.5913285
680,0.02203665531870835,test,0.052820615
681,-0.9745914457893462,train,-0.8478577
682,-0.8899089908985486,train,-0.7864281
683,-0.4947294425531074,test,-0.39650163
684,-0.1422751019043945,train,-0.25995043
685,-0.777943000661338,train,-0.6242706
686,-0.011275318027731797,train,-0.21477553
687,-0.47735755306289807,train,-0.32469833
688,-0.9583423507272961,train,-0.8655414
689,-0.8350779930368866,train,-0.7337718
690,-0.5253805367294527,train,-0.55652696
691,-0.7684378640704583,train,-0.497681
692,-0.8921804624460464,train,-1.091154
693,1.0232587838886522,train,-0.031951487
694,-0.9856492547645804,train,-0.96463245
695,-1.2751984211232927,train,-1.4286083
696,-1.781386501514721,train,-1.6037132
697,-0.4836084011909652,train,-0.40732512
698,-0.5348532543617284,train,-0.51919013
699,-0.7509554889120379,train,-0.5785784
700,-0.32882193769134294,train,-0.10281447
701,0.16371505468964737,train,-0.043297797
702,0.049955523576079845,train,-0.22421233
703,-0.89876585784126,train,-0.755465
704,-0.08705001258591072,train,0.074029915
705,0.055421935503835534,train,-0.05214434
706,-0.08225078311045408,train,-0.08919947
707,0.3569064554406827,test,0.074237466
708,-0.060256299613159287,train,0.14578532
709,0.28100486596685975,train,0.27431262
710,-0.1179136321547901,train,0.21132728
711,0.3843819149885457,train,0.28493905
712,0.6400282436093246,test,0.50313747
713,0.4428733880404089,test,0.10775403
714,0.24989860885343157,train,0.06942123
715,-0.17275097190447222,train,0.31203333
716,-0.24718343069556126,train,0.26215717
717,0.3100120307211111,test,0.5556623
718,0.1953393708132143,test,0.54990155
719,0.3897153474740107,train,0.55866456
720,0.2954607040595719,train,0.34750858
721,0.0514760776531485,test,-0.32215255
722,1.1770896996480134,train,1.4168829
723,1.4391782368003567,train,1.4065809
724,0.9068592028144973,train,1.0778956
725,0.7642975981890402,test,0.6022514
726,1.0625827657713913,train,1.0759635
727,1.985426799964359,train,1.4843525
728,0.18905495600193883,train,0.4897674
729,1.5297201338135746,train,1.0919346
730,0.6737533246836493,train,0.6084251
731,0.8010281465712543,test,1.5494387
732,1.5999544105968724,train,1.7587626
733,1.0714446675481095,train,1.2808502
734,0.825318806362662,train,0.98152274
735,0.8484414995048446,train,0.90563464
736,0.7178154259854058,train,0.8350629
737,0.5673047095634554,train,0.7816439
738,2.7475192851676473,train,1.9765742
739,2.051202206127463,train,1.6151733
741,-1.1240629174473542,train,-1.3022163
742,-1.2417355078294012,train,-1.4069608
743,-1.5883184258411367,train,-1.7837429
744,1.0453321045757906,test,1.3124278
745,1.243135731370609,test,1.3471394
746,1.2768286288402533,train,1.5232766
747,0.6239821349837248,test,1.2880944
748,0.8665533637790008,train,1.0253005
749,0.5436996929554295,train,1.1068474
750,0.7293337550051004,train,0.9971263
751,0.8620130494503235,train,0.97130966
752,0.9828130123571803,train,1.1698068
753,2.4946637270968477,test,1.0201939
754,0.6578293258420047,train,1.0698873
755,1.5437916040389568,train,1.5764743
756,1.5062333722025965,train,1.4919187
757,0.4500606490609944,train,0.7256288
758,1.43240384905591,train,1.3873645
759,-0.5643341600383365,train,-0.15353802
760,-0.5090718321073361,train,-0.45467153
761,-0.5539342400109906,train,-0.53753734
762,-0.9263684812644923,train,-0.89996994
763,-0.9394699902363819,train,-0.95359415
764,-0.5898364026934313,train,-0.32024878
765,-1.4307988328963823,train,-1.1952097
766,-0.7090938090831812,train,-0.31114137
767,-0.87065524714738,test,-0.698518
768,1.416327242763981,train,0.8574987
769,-0.8671660302226649,train,-0.65786934
770,1.4612674305201234,test,0.7179422
771,0.5006032513357417,train,0.8978548
772,1.3417307787012396,train,0.6914904
773,0.46678960321507357,train,0.42721742
774,0.5919232483366231,train,0.8378806
775,1.1233885298484108,test,1.0267335
776,0.6307429402201276,train,0.8257033
777,1.1065135734665557,train,0.8404097
778,0.9361620209083512,train,0.69764477
779,1.0654771205780686,test,0.63543075
780,1.1960658755093942,test,0.6252368
781,-0.24702208577628465,train,0.3108137
782,0.2905774330103837,train,0.7325293
783,0.9607703750333079,train,0.84731627
784,-0.38877464256561567,train,-0.18164134
785,-0.7271353235684886,test,-1.036581
786,2.3195204935721083,test,1.1078631
787,0.06876862295147183,train,-0.06495786
788,-0.2544968573913954,train,-0.14475927
789,0.19580709850114666,train,0.4499833
790,0.7956239770769035,train,0.6609362
791,0.17954818903695197,test,0.141512
792,0.40885222528314297,train,0.49894458
793,0.7061579632685783,train,0.76889855
794,0.511384986243262,train,0.7845201
795,0.08052485880968835,train,0.13163804
796,0.21342266312291502,train,0.25515613
797,0.48538512426316005,train,1.0162427
798,0.31240070688533217,train,0.20460752
799,1.1787076360223239,train,0.924281
800,0.7815814123880853,train,0.81733245
801,0.7900315387625125,train,0.6406796
802,0.9015064128490088,train,1.1726218
803,1.7475108680604956,train,1.7273647
804,0.27371646247912357,test,0.08628825
805,0.041454488047055094,train,-0.42884326
806,-0.7677968316328239,train,-0.5231183
807,-0.4006710090250098,train,-0.32370788
808,0.5667651301248967,train,0.31358907
809,-0.24196829578394283,train,-0.169557
810,0.6014462534885756,train,0.2744362
811,-0.07142809532192648,test,0.055210322
812,-0.8172835296024595,train,-0.46805727
813,2.075463636744912,train,1.3452032
814,-0.7259619058623451,train,-0.47665676
815,-1.1311990216955974,train,-0.9844783
816,0.08669039186675755,train,0.20651618
817,-0.6609912522380356,train,-0.5586482
818,-1.075534410439506,train,-1.0412114
819,-1.8606613678373938,train,-1.7397935
820,-0.16493662637802511,train,0.031881906
821,-0.43393872660795907,train,-0.055735096
822,0.28806711485551584,train,0.39615524
823,1.957371647511504,train,0.42524385
824,0.11408510628786879,test,0.3775501
825,1.5224967758686958,test,0.5685989
826,1.7698112019916787,train,0.5708335
827,-0.02831743881147832,train,-0.073911466
828,0.20574771869364045,train,0.34843364
829,-0.18046258315877525,train,0.42942065
830,-0.10874181267218799,train,0.5270267
831,-0.304848950755904,train,0.4580555
832,2.280256130364279,train,0.84873676
833,0.24556099321869235,train,0.50880057
834,0.5320535313137102,train,0.5695717
835,0.4567275600961592,train,0.56635314
836,0.9457947376399186,train,0.7756929
837,0.02087577107333212,train,0.45093495
838,-0.13592860960269848,train,0.40462205
839,0.6894870071671967,train,0.9889088
840,-0.019055488708327416,train,0.70526093
841,0.09170565200782532,train,0.3537902
842,-0.5110711341909742,train,-0.27552807
843,1.4010083553177204,train,1.268735
844,1.588429703168547,train,1.5197277
845,0.8706979159458949,train,1.010975
846,0.782056294553784,train,0.7576106
847,1.0866909298248868,test,1.0328702
848,2.132184677802105,train,1.8189726
849,1.003375254167723,train,1.0675297
850,1.3453286307480845,train,1.4395097
851,0.4472062253185947,train,0.75250536
852,1.2281187596285132,train,1.4582337
853,2.4251307896733953,train,2.2185555
854,1.8900643875879801,train,2.0835593
855,1.3653516385022644,train,1.6200697
856,0.8032616119983621,train,1.0158142
857,0.6609745979911608,test,1.2788167
858,1.9323270856182035,train,2.1590457
859,0.7036837497777324,train,1.2022904
860,0.9290677903006862,train,1.3514013
862,-0.37487195522379435,train,-0.3386875
863,-0.7984285988782155,train,-0.6655311
864,1.225743045904764,test,1.7690207
865,1.4746338726513817,train,1.7389699
866,0.4751763277117853,test,1.7421933
867,0.9153239670719946,test,1.5687515
868,0.7719206245160781,train,1.014289
869,1.3540121933347318,train,1.6463865
870,0.9684729554061927,train,1.0145648
871,1.110082891749065,train,1.4277288
872,2.257204379934797,train,1.6361533
873,0.9931499601772917,test,2.0041304
874,1.1928754589613821,train,1.6893097
875,1.1728508373106044,train,1.4933122
876,0.03110482636036785,test,0.86166394
877,1.0141972668835415,train,1.3628734
878,1.1123797141129792,test,1.3191115
879,-0.40729453905002105,train,0.27840573
880,-0.29123771230025014,train,0.37084416
881,-0.29413348796781436,train,-0.0006914418
882,-0.2829048470519697,test,-0.076880544
883,-0.6517518945433188,train,-0.47247323
884,0.3629512364529568,train,0.10849603
885,-0.7891115868120742,train,-0.4185178
886,0.9887062418009335,train,0.93714666
887,0.4006595353169144,train,0.501423
888,0.9217935478987314,train,1.1039499
889,-0.04118162721516807,train,0.26504418
890,1.3165331887714338,train,1.1922792
891,0.31649870984932477,train,1.0753528
892,0.9643342658154931,train,0.7783454
893,1.1911811218888464,train,1.053751
894,0.8655976658660025,train,0.69634086
895,0.9856428197407979,test,0.8707911
896,1.0400512862486562,train,1.3320339
897,0.5503887276422957,train,0.86237866
898,0.7520913795630707,train,0.6345549
899,0.7252569914584431,test,0.65708816
900,0.9772255407409441,train,0.67046255
901,1.2368295406237486,test,0.7230315
902,0.3447603411766737,test,0.75367635
903,0.7116203471646453,test,0.6686158
904,-0.0012299556618468265,test,0.5152367
905,-0.06034941931415344,train,-0.3230438
906,0.27315530038055336,train,0.42445892
907,0.3748593518471625,test,0.55939114
908,0.20199398241334116,test,0.2113811
909,0.09484632954337305,test,0.37241432
910,0.13029017548901126,test,0.27322572
911,0.2671336031154209,train,0.43528166
912,0.23365434956022357,test,0.6894921
913,0.11200070360233268,train,0.1620453
914,0.4680755870762243,train,0.6725545
915,-0.04914787326731722,train,-0.061984517
916,-0.2213258487967061,train,-0.09469487
917,-0.40881426263627413,train,-0.24752037
918,-0.32399800687337355,train,-0.20991015
919,-0.37012057757834804,test,-0.123696454
920,-0.2766372284381049,train,-0.16986771
921,0.04429660388645217,train,0.11453256
922,-0.07833891661964999,train,0.012616859
923,-0.11204470161389468,train,0.15174918
924,0.08951598942800658,train,0.08434827
925,-0.06327359922502293,test,0.2308033
926,0.9736320973335819,train,0.21050602
927,-0.955603211525237,test,-0.6063236
928,-0.4500790884361795,train,-0.29037
929,-0.5497924386691845,train,-0.49738148
930,-0.724336604109581,train,-0.7771722
931,-0.7477665545252865,test,-0.7524094
932,-0.04398449793333239,test,-0.6259135
933,0.014251077536957061,train,0.39086056
934,-0.569939617069918,test,-0.010208221
935,-0.4861604563084166,train,-0.3930405
936,-0.4502306813970368,train,-0.5840844
937,-0.4895723134997941,train,-0.56103575
938,-1.1792227377272206,train,-1.0122684
939,-0.924719480241573,train,-1.0125619
940,0.06668265184138501,train,-0.2489265
941,-0.6554962453139679,train,-0.4209461
942,-0.8044560187924464,train,-0.79698074
943,-0.6889044573112721,train,-0.35240552
944,-0.13923724888673616,train,-0.21210264
945,0.4835107836718087,train,0.38446283
946,-0.17522313921983027,train,-0.11290746
947,-0.7847264820395874,train,-0.7565598
948,-0.5993613313069602,train,-0.24892633
949,-0.3206566814882784,train,-0.17771798
950,0.2594845222087988,train,0.40088162
951,-0.2263884924548249,test,-0.22599658
952,-0.0993079921831638,train,-0.13421011
953,0.09713080345189579,test,0.03948095
954,-0.06663442922526941,train,-0.109485365
955,-0.19810649337506814,train,-0.06422051
956,-0.10648093314192389,test,0.057795934
957,0.03571135147046368,test,0.013084864
958,-0.01415528474520407,test,0.0013482682
959,0.10808851533148084,train,0.059536926
960,-0.3601717239541596,train,-0.13967042
961,-0.22894580564797495,train,0.14980465
962,-0.21625383037987086,train,0.073968284
963,-0.27321961612135953,train,0.012665802
964,0.11124276581345122,train,0.36892706
965,0.14682567420102544,train,0.29499787
966,0.17478940433587728,train,0.30236742
967,-0.04632725761460822,train,-0.060816377
968,0.15729375206035118,train,0.41250128
969,0.1043622540207449,train,0.025458919
970,0.1292899615509281,train,0.69590396
971,0.07119750582246541,train,0.40256652
972,0.293034782302624,test,0.71607864
973,0.4877433114132231,train,0.6586851
974,-0.003852754353878378,train,0.23111588
975,0.33619944930076984,test,0.34870073
976,0.4732565629808738,test,0.43774593
977,0.027219662229715724,test,-0.041611843
979,-1.5371856385866005,train,-1.5735006
980,-0.048535712878297,train,0.17061241
981,0.4908047291952726,train,0.46401638
982,0.27925065715628716,train,0.4244334
983,0.053867279947534624,test,0.21792665
984,0.38177999249106725,train,0.5811232
985,0.7879584711512652,train,1.1406351
986,0.25812094730248064,train,0.33054075
987,0.1683391064025599,test,0.4827185
988,0.3090434545993946,test,1.1784104
989,0.42059546660140706,train,0.8568129
990,-0.654374602233545,train,-0.7423122
991,-0.9628655995522745,train,-0.73693323
992,-0.4608613780431689,train,-0.8466562
993,0.7579223909827169,test,-0.8709243
994,-0.5611680958266775,test,-0.4225444
995,-0.3164335077687814,test,0.04059939
996,-0.15940504783012366,train,-0.018308038
997,0.940317238254007,train,0.35589105
998,-0.6338425207779019,test,-0.43987435
999,-0.14957802088119868,train,-0.1026093
1000,0.2704167904499669,test,-0.10767452
1001,-0.3447906366364335,train,-0.17265669
1002,-0.3783279859076848,train,-0.23650654
1003,-0.18543470646843419,test,0.06537792
1004,-0.284710315584197,train,-0.036491677
1005,-0.1323655402223697,train,0.114158675
1006,-0.5452789817448669,test,-0.3642031
1007,-0.5492258626573183,train,-0.4666451
1008,-0.4474038861486377,train,-0.27062008
1009,-0.48013111058066227,train,-0.061114013
1010,-0.19289651173545083,train,0.047378767
1011,-0.14191595317015926,test,0.12333344
1012,-0.19581054118337943,train,-0.059989184
1013,-0.28662396013362545,train,-0.06480669
1014,0.4032413267984771,train,0.51210266
1015,-0.07986238376936912,train,-0.27216768
1016,-0.15397737094465164,train,0.10535203
1017,0.29667059875453283,train,0.4164565
1018,-0.10303123239183785,train,-0.2866728
1019,0.6836440969109889,train,0.8294043
1020,0.2285194236105634,train,0.21715157
1021,-0.034382275069984494,test,0.20478939
1022,0.5150901216828756,train,0.56508744
1023,0.5369111884656727,train,0.43671715
1024,0.0751211585210853,train,-0.23580994
1025,-0.4142367320146453,test,-0.18571658
1026,-0.2416748365694114,train,-0.041562185
1027,0.3378749421704294,train,0.422988
1028,0.03297854407204978,train,0.59443337
1029,-0.3950297237211949,train,-0.7359676
1030,-0.2811227655500495,train,-0.17863294
1031,-0.2676085662616938,train,-0.22315164
1032,-0.1786474250632514,train,-0.008205617
1033,-0.26507266305170674,train,-0.07222147
1034,0.13634787079210073,train,0.010439202
1035,-0.1553712808796479,train,-0.16323902
1036,-0.19339520596210147,train,-0.35267404
1037,-0.018435870743210417,train,-0.12448298
1038,0.028911440046462303,train,0.3060828
1039,0.21122850081635805,test,0.5994586
1040,-0.23069327392749125,test,0.4628724
1041,0.3539470852661339,test,0.334027
1042,0.3016568039089711,train,0.35016456
1043,0.33189365906997353,train,0.015576867
1044,0.6529892550538655,train,0.09850394
1045,0.23021650925084072,train,0.16700087
1046,0.4473758555510635,test,0.1133083
1047,-0.5937084695144129,train,-0.4172066
1048,0.1425665652885008,train,0.32510945
1049,1.3596666578255698,train,1.1102345
1050,1.2880674419232152,train,1.05178
1051,1.8646251247149026,test,1.2433473
1052,1.001362067364262,train,0.8768746
1053,0.0988599581243278,test,0.11106578
1054,0.16515980165120728,train,0.14118572
1055,0.4034069604869061,train,0.13035986
1056,1.2658327603169228,test,1.0038365
1057,0.6451687073089991,train,1.0035312
1058,1.1167580064517995,train,0.8494225
1059,0.03832745322567428,train,-0.26155818
1060,0.26544295395731654,test,0.04029213
1061,0.39849347925861944,train,0.24957728
1062,0.2554539770740274,train,0.47645438
1063,0.3606214815318072,test,0.8373049
1064,0.3410208834259601,test,0.39539865
1065,0.14230688062010222,test,0.53181195
1066,0.43498961218565996,train,0.7010446
1067,0.9532707796719311,train,1.1751692
1068,1.154168356811881,train,1.2739872
1069,0.1575375876941523,train,0.20629248
1070,0.8163287228871184,train,0.8942224
1071,0.3715804839927804,train,0.320602
1072,0.2420149862912829,test,0.34667394
1073,0.0824034821389412,train,0.20281754
1074,0.3620794230370142,train,0.36093816
1075,0.1729248638777746,test,0.5207979
1076,0.6127580449843063,train,0.44718093
1077,0.5608325991143313,train,0.66840374
1079,-0.44699690136165887,train,-0.2739078
1080,-0.7184224269025133,test,-0.14531729
1081,-1.1553748733969114,test,-0.25061908
1082,0.21711405634717715,train,0.18711577
1083,0.6059298717579696,train,0.7414592
1084,0.6095412545202746,train,0.7764545
1085,0.24068311787704197,train,0.4574085
1086,0.5135683132028601,test,0.49410498
1087,0.17154345693342718,train,0.30183023
1088,0.12707020669439975,train,0.29587483
1089,0.6043583045620757,train,0.66281986
1090,0.6419085722725558,test,0.4667046
1091,0.2538956407900316,test,-0.044441618
1092,0.6990534730078257,train,0.7727167
1093,0.8575169091296865,train,0.76433516
1094,0.4288935875791208,test,0.6499165
1095,0.3578204906676292,train,0.40308052
1096,0.574902191676561,train,0.37311593
1097,0.18840625374789752,train,0.2333175
1098,0.6800013958890874,train,0.66710204
1099,-0.561072185287783,train,-0.37034827
1100,1.0760376438511567,train,0.9596383
1101,1.040482452976164,train,0.8963767
1102,0.7210852550257715,test,0.87246245
1103,-0.2593212306908427,test,-0.015433511
1104,1.2415005636588248,test,1.4905958
1105,1.6774284865814684,train,1.371829
1106,1.1381797349855087,train,1.1372021
1107,1.0499737234929307,train,0.83628356
1108,0.844121191813572,train,0.8012999
1109,0.6882034082983071,train,0.6326776
1110,0.81508459089094,train,0.5918252
1111,-0.02241905906474877,train,0.24328871
1112,-0.14595962677281857,train,0.002107177
1113,0.18220502933342791,train,0.18818471
1114,0.49950166800446755,test,0.47691914
1115,-0.18170094629457106,train,-0.35219258
1116,-0.0962448629773271,test,-0.49901602
1117,0.6358331896150957,test,1.1532402
1118,1.1667852691463318,train,1.3257438
1119,0.8769587939829784,test,1.3501942
1120,-0.0570877040946578,train,0.003967818
1121,0.004322157069948523,train,0.08369617
1122,0.27696920717872875,test,0.21964689
1123,0.07793763338223782,train,0.15689082
1124,0.3305880758306511,train,0.5115687
1125,0.4232169864979191,train,0.96700436
1126,0.05935802707126797,test,0.23034462
1127,-0.07562856035219954,test,0.44838607
1128,0.5777262240380452,train,0.71735066
1129,0.006578175065718823,train,-0.11518305
1130,0.1482249009041416,train,0.19097672
1131,0.34935038112958955,train,0.31573293
1132,1.0529116692089528,train,1.0018555
1133,-0.17593334510152456,train,-0.15654306
1134,-0.1304891112529105,train,-0.17370291
1135,-0.3452989963448182,test,-0.18142983
1136,-0.24975685649976237,test,-0.11529293
1137,0.667832678538351,train,0.9180024
1138,0.16718095516568351,train,0.85065806
1139,-0.4584213052323451,train,-0.29613337
1140,-0.5412691337053097,train,-0.6267633
1141,-0.24445970966797553,train,-0.07559993
1142,-0.08642367410173674,train,0.3568348
1143,-0.23642269664080637,test,-0.51133364
1144,-0.226490175004118,train,0.13257122
1145,0.11625555371384916,train,-0.0946742
1146,-0.11956099861320393,train,-0.13478702
1147,0.41437770190108336,train,-0.0046965033
1148,-0.3145768226339466,train,-0.19858563
1149,0.3275630650306871,test,0.6293895
1150,0.22398527232440052,test,1.0014908
1151,0.20999304818312658,test,0.9420149
1152,0.4923183849595095,train,1.0059642
1153,0.2268249535250667,train,-0.004077317
1154,0.10153291260933839,test,-0.045086667
1155,-0.6178062765844314,train,-0.32516232
1156,0.06271072576898866,test,0.45687604
1157,1.7832820430100704,test,0.9903894
1158,1.382720468721264,train,1.3635162
1159,1.8175731665669597,train,1.5134455
1160,1.0808399628392225,test,1.1033931
1161,0.15204158802649317,test,0.04516241
1162,-0.20484338487182302,train,-0.040921763
1163,0.4279246855150824,train,0.34259376
1164,1.3240565817985768,train,1.1328249
1165,1.1597183267124649,train,1.0918968
1166,1.4181948417171142,test,0.763844
1167,-0.1705505552515972,train,0.42824495
1168,0.1268156594014362,test,0.26666662
1169,0.5632664235694809,train,0.25386348
1170,0.41407509655367447,test,0.7089448
1171,0.8084780456968957,train,0.95505774
1172,1.0601507105495167,train,0.76034504
1173,0.31398612012010013,train,0.4235062
1174,0.5701177534565769,train,0.8401916
1175,1.3505708247617945,train,1.5018697
1176,1.6886718176551434,test,1.4559653
1177,0.08359999032514208,train,0.5345733
1178,0.599341815116549,test,1.6149931
1179,0.5956452990953703,train,0.83433133
1180,0.4106794753049841,train,0.6509781
1181,0.9042738994938074,train,0.7729656
1182,0.3971128932376599,train,0.38836443
1183,0.30459180431359895,train,0.56422335
1184,1.1027787314937199,train,0.8800435
1185,0.9182744022241088,train,1.068852
1186,0.8332972008126319,train,0.9754444
1188,0.4707542140553654,train,0.4476354
1189,0.22380983950345343,train,0.4497964
1190,-0.517689589664061,test,-0.4110291
1191,0.39254912848399076,train,0.38617316
1192,0.5026116084780471,train,0.79905975
1193,0.8903315612462908,test,0.81818587
1194,0.7562358043506956,train,0.8194136
1195,0.3019690254554207,train,0.4860358
1196,0.20644378245494543,train,0.45543587
1197,0.8845412144651318,train,0.59408915
1198,0.8274907645914062,train,0.8404923
1199,0.5322261868559247,train,0.47287747
1200,0.5519681826526642,train,0.5757183
1201,0.4377727196308095,test,0.40761
1202,0.9119220093589531,test,1.0587268
1203,0.7399287866865734,train,0.9941576
1204,1.6643877326000374,train,1.1687458
1205,1.4508298384896412,train,1.1662209
1206,0.8720873478094435,train,0.67264074
1207,1.2094915228735508,train,0.99649596
1208,-0.4435161769888792,train,-0.42479432
1209,0.700166420338401,train,0.8371126
1210,-0.07483753958549373,train,0.108234555
1211,1.5786918476733733,train,1.6250088
1212,1.798919925385333,train,1.6988282
1213,1.7128944952372531,train,1.4689398
1214,1.1801441239704902,train,0.92699546
1215,0.7083054985210416,train,0.75486475
1216,1.0358536745546019,train,0.81962246
1217,0.07434074260340366,test,0.5767489
1218,-0.20346630390116685,train,-0.022549475
1219,-0.015787733843181457,train,0.1141366
1220,0.3419338942748574,train,0.14876254
1221,0.440003989133967,train,0.51738
1222,-0.46181388741918633,train,-0.45722145
1223,-0.23789763038505657,test,-0.37963888
1224,0.9332348279492213,train,1.2148637
1225,1.788130164384257,train,1.7584916
1226,2.7064779604056928,train,1.9363762
1227,0.25102853418725196,train,0.3074781
1228,0.008916775366323517,test,0.32933155
1229,0.3522732450490145,test,0.8127519
1230,0.4072210135641688,train,0.69310915
1231,0.32223236254805304,train,0.25112233
1232,0.03644045326750139,train,0.086310685
1233,1.0899240713113238,train,0.744743
1234,0.11715230139021922,train,0.19006644
1235,-0.030110257103594367,train,0.09423675
1236,0.060787048256855436,train,0.09619689
1237,0.20038291614716447,train,0.21776581
1238,1.4317949763586555,test,0.8599112
1239,-0.5243089528342226,train,-0.33353156
1240,-0.18556649535857844,test,-0.17314488
1241,-0.3657331372004927,train,-0.37245592
1242,-0.27918116679248106,train,-0.36351484
1243,1.0314353465632493,test,1.2597915
1244,0.7713672510530779,train,1.1883811
1245,1.3239948422777832,train,1.4015124
1246,1.4235529411635868,train,1.4311002
1247,-0.42523915680719837,train,-0.3374099
1248,0.05724167091839422,test,0.09960974
1249,0.46307703360135527,train,0.518277
1250,0.10239993824350352,train,0.051005915
1251,-0.008094611705279952,train,0.07914385
1252,-0.12413279940663204,test,0.19507451
1253,0.20343521274889476,train,0.19866659
1254,0.0006105193068058481,train,0.17467982
1255,-0.22140160320087732,train,0.42312992
1256,-0.614800316278397,train,-0.56614745
1257,0.6704187344613226,test,0.76219195
1258,0.6388333320052642,train,1.2929928
1259,0.7601669944864191,train,1.1610103
1260,1.5197804339572552,train,1.1711425
1261,1.455185417957099,train,1.1859298
1262,-0.03697993677236432,train,0.071310535
1263,-0.1441284394792724,train,-0.12178173
1264,-0.09921445936505868,test,0.023720747
1265,-0.5879020241000242,train,-0.3151961
1266,-0.11470173746604129,train,-0.093728974
1267,1.0701075243382574,train,0.99140316
1268,0.9500980027726835,train,1.4329748
1269,0.8854498605916454,train,1.5416797
1270,1.6272247018714896,train,1.2849231
1271,0.180755651222623,test,0.35041007
1272,-0.12464161011273754,train,0.005128147
1273,0.37813977360769097,train,0.6013711
1274,1.0904963451373182,train,1.1102645
1275,1.0320275387725484,train,1.068082
1276,1.1408688308442043,train,1.079843
1277,-0.27478084941608355,train,0.17349572
1278,0.041379987247797775,train,0.12328225
1279,0.9454108563325769,train,0.65764743
1280,0.6963081645449399,train,0.77753115
1281,1.3344248941983659,train,1.148274
1282,1.2490120752757234,train,0.94199234
1283,-0.03846647026708799,train,0.26683497
1284,0.715970460308304,train,0.65020645
1285,0.8222261332745798,train,1.1048012
1286,1.880704576019832,train,1.9494526
1287,2.5585786185541615,train,2.2301023
1288,-0.01131503947621465,test,0.68042696
1289,1.5356627386117059,train,1.76415
1290,1.1207410857140907,train,1.2206033
1291,0.8119427844424674,train,1.1365036
1292,0.7766133170053378,train,0.85721606
1293,0.36830618817758487,test,0.63449085
1294,0.775449371260251,test,0.6659455
1295,1.4980193541953528,train,1.2469603
1296,1.7275327732977301,test,1.6638067
1297,0.5177777416039038,train,0.55489874
1299,1.6389962345613789,train,1.5761824
1300,1.6069385982841191,train,1.5944983
1301,-0.13493820334973955,train,-0.03711111
1302,0.7855679669207359,test,0.8514852
1303,0.8936553401800367,train,1.0762792
1304,0.42522956262715605,train,0.8373816
1305,0.49212964570235734,test,0.5520494
1306,0.6331100571988556,train,0.6795625
1307,0.5579497393785863,train,0.6624109
1308,0.5185016893829759,test,0.6884322
1309,1.4900492114482562,test,0.8378779
1310,0.6736855437926234,train,0.6812118
1311,0.12120383155801714,train,0.3023279
1312,0.6947193782657005,train,0.6894613
1313,0.16083148831265695,train,0.45835063
1314,1.4055496888053356,train,1.3390579
1315,0.7982962882167056,train,1.0754231
1316,1.3652180055125465,train,1.4240316
1317,1.4831715737864912,train,1.43415
1318,0.9237715998791224,train,0.8777004
1319,1.6354951217937366,train,1.6139665
1320,1.1011800102059466,test,1.2167006
1321,-0.19920055879787113,test,-0.3570754
1322,0.606991819481362,train,0.69183177
1323,0.5077021285815837,test,0.5848789
1324,0.6490531002525473,train,0.647416
1325,-0.1499130235279584,test,0.50337315
1326,1.5475178545882622,train,1.613452
1327,1.8263854815087999,train,1.8196294
1328,1.1614327054212983,train,1.6175365
1329,2.1703642329455306,train,1.9076922
1330,2.097137753056324,test,0.9219743
1331,0.9614810816479783,test,0.95113814
1332,1.2189250084076164,train,1.1340692
1333,0.2828721602476894,test,0.615279
1334,-0.16102072086794872,train,0.095117815
1335,-0.1100274856995656,train,0.026391713
1336,1.2054357460683296,test,0.94122934
1337,0.2138515419784656,train,0.63871473
1338,0.39301477207996954,test,0.50557953
1339,-0.630295480075546,test,-0.117169775
1340,-0.5437054625222657,train,-0.40548444
1341,1.233176624828428,test,1.3392378
1342,2.012599280178873,test,1.5282108
1343,2.9542222261184934,test,1.5804375
1344,1.5800751169410723,test,1.5098655
1345,0.13394623715786716,train,0.074487925
1346,-0.06815488267140078,test,0.55919445
