,"dielectric constant, ionic",split,Predicted,file
0,-1.2010673458893963,train,-1.4570793,1
1,-1.1266065102195084,train,-1.009498,2
2,-0.8296284448439917,train,-0.73085225,3
3,-1.2206883694954023,train,-0.84127307,4
4,-1.4588222129681503,train,-1.3462242,5
5,-0.8998624735838211,train,-0.89735496,6
6,-0.9773528988965653,train,-0.8418373,7
7,1.0158071312788592,train,-0.4144609,8
8,-1.37088638139426,train,-1.342487,9
9,-0.910760418310809,train,-1.45964,10
10,-1.4965703661748515,test,-1.4126554,11
11,-1.8491615937736157,train,-1.5743144,12
12,-2.02177155970268,train,-1.8235492,13
13,-0.7160148378833463,train,-1.3469683,14
14,-1.7559156928888315,train,-1.5586499,15
15,-1.4672705203581877,train,-1.18902,16
16,-1.6541447865382133,train,-1.4052005,17
17,-0.9529964039383755,train,-1.365638,18
18,-1.6641356571535248,train,-1.474516,19
19,-2.146675972501975,train,-1.7455349,20
20,-1.5548963945203604,train,-1.4765354,21
21,-1.9268825318941443,train,-1.698117,22
22,-1.9958195618569727,train,-2.203661,23
23,-1.0020320852707922,test,-0.96917033,24
24,-0.7961565067901571,train,-0.93776774,25
25,-1.3526478063610188,train,-1.2363619,26
26,-2.034280403244509,train,-2.0456445,27
27,-1.621175798688554,train,-1.4280914,28
28,-1.5484396943316698,train,-1.6112901,29
29,-1.166602671531844,test,-1.2409518,30
30,-1.304244997603557,train,-1.102215,31
31,-1.48468734718691,test,-0.9231135,32
32,-1.7476198552984719,test,-1.5391537,33
33,-1.002123175447085,train,-1.1848066,34
34,-1.3276098185558074,train,-1.3706566,35
35,-1.5603157153747071,train,-1.6070247,36
36,-1.4216931854291606,train,-1.3870723,37
37,-1.2921117184976403,train,-1.183822,38
38,-1.0620895108283228,train,-1.1239913,39
39,-0.9991122116300745,train,-0.86085016,40
40,-1.2424682043104518,train,-1.107418,41
41,-0.5968578830292836,train,-0.35002026,42
42,-0.26528778619728877,train,-0.13650684,43
43,-0.7073983461345762,test,-0.9354122,44
44,-0.7731328167870922,test,-1.0006633,45
45,-0.67538062070409,train,-0.77805513,46
46,-0.4556560378491768,train,-0.45728883,47
47,-0.6496628348141171,train,-0.99654245,48
48,-0.5640834682145179,test,-1.0275892,49
49,-0.3400453364895128,test,-0.6732253,50
50,0.248469412269864,train,0.4954889,51
51,-0.4228568649893081,test,0.08242417,52
52,-0.3261118579294094,train,-0.11025163,53
53,-0.3196504624287985,train,-0.15572745,54
54,-0.001775818659800343,test,0.3393133,55
55,-0.4749266865798448,train,-0.25407287,56
56,0.021425883026714075,test,-0.15386976,57
57,-0.7790218305991571,train,-0.63386816,58
58,-5.199337582605575,test,-2.7102664,60
59,-2.0609013494053015,train,-2.1860042,61
60,0.02592461352578518,train,0.24089025,62
61,-0.5162995611031471,train,-0.25486997,63
62,0.4417615568660167,train,0.31566316,64
63,-0.3203845893166624,test,-0.13664386,65
64,-0.49691457869927425,train,-0.4224605,66
65,-0.6121350927694545,test,-0.018397078,67
66,-0.3682205342446764,train,0.07753259,68
67,-0.5819678905843447,train,-0.27458715,69
68,-0.384379148138476,train,0.44001284,70
69,1.7005171251185405,train,1.3180612,71
70,-2.1267917951534696,test,-1.5697896,72
71,-2.5121426826125033,train,-2.1256058,73
72,-3.152778483035398,train,-2.4274635,74
73,-2.38863840726049,train,-2.4150438,75
74,-2.2569257394745095,train,-1.8933163,76
75,-2.1935870083125826,train,-2.0824027,77
76,-2.170198798320873,test,-1.5116892,78
77,-1.6149875197492307,train,-1.4334824,79
78,-1.6720748996253791,test,-1.8178966,80
79,-1.4019890005189142,train,-1.728376,81
80,-1.8807035423556047,train,-1.8549197,82
81,-0.8589811027961731,test,-1.4384162,83
82,-0.6926885749040831,train,-1.1800684,84
83,-1.1845777638400894,train,-1.2959567,85
84,-1.5231391559543817,train,-1.5387152,86
85,-1.3911225733907384,train,-1.3221173,87
86,-1.2765303113654487,test,-1.27635,88
87,-1.0313032495343808,train,-0.9068434,89
88,-1.6416840295884543,train,-1.4864057,90
89,-1.0551778902899904,train,-1.4184254,91
90,-1.5058425804285196,train,-1.3990107,92
91,-1.3097851569773287,train,-1.3342621,93
92,-1.7989615763588482,train,-1.3786631,94
93,-1.730912602127967,train,-1.2624867,95
94,-0.8517453808649806,train,-0.91946375,96
95,-1.0775757567790571,train,-1.0353556,97
96,-0.8195263739364689,test,-0.82421416,98
97,-0.6042117859791188,train,-0.6132985,99
98,-1.051949591624348,train,-0.9900189,100
99,-0.9670748181179958,train,-0.5967907,101
100,-0.7301675911781318,train,-0.3087158,102
101,-1.247799119237214,test,-0.9337954,103
102,1.2208379189509662,train,0.7405156,104
103,-0.4921050955790967,train,-0.65987414,105
104,0.4516729795679046,train,0.13138434,106
105,-1.1451173789519662,train,-1.2050351,107
106,-1.8335274211877692,train,-1.3281511,108
107,-1.4071520758045764,test,-1.2014908,109
108,-1.2880695139369749,train,-1.6496356,110
109,-1.6069893321614985,test,-1.1629195,111
110,-1.265249671116115,train,-1.2761759,112
111,-0.4810493621503781,train,-0.8529069,113
112,-1.4815247893798562,train,-1.2719082,114
113,-1.3219814320653105,test,-1.568055,115
114,-0.8434364230837819,train,-1.1782316,116
115,-1.5802133705237735,test,-1.69889,117
116,-1.0139335666889209,train,-1.1115013,118
117,-1.7228631833956767,train,-1.930868,119
118,-2.0459981528194575,train,-1.9440714,120
119,-2.5537117097613313,train,-2.1979785,121
120,-1.5000578107080913,train,-1.455069,122
121,-1.5181968329344495,train,-1.4790016,123
122,-0.8331694617008241,train,-1.0744083,124
123,-1.7039315401409953,test,-1.4012777,125
124,-2.6471175903840662,train,-2.0265577,126
125,-1.8853756005890598,train,-1.7635627,127
126,-1.164096723797082,train,-1.149002,128
127,-1.0481984015124468,train,-1.2677372,129
128,-1.0914602413715755,test,-0.95362085,130
129,-0.9378540160798549,train,-0.87712896,131
130,-1.2180049354087015,train,-0.9380973,132
131,-0.33524030130938626,train,0.32511282,133
132,0.9714054971915858,train,0.26887915,134
133,-1.1948176658146914,train,-1.4315125,135
134,-0.9502108262854789,train,-1.1253084,136
135,-1.083350246876222,test,-0.75330794,137
136,-0.8781960505729157,train,-0.90084916,138
137,-1.0321502230625652,train,-1.1029581,139
138,-0.21357885714637823,train,-0.48750696,140
139,-0.8956130031441146,train,-0.32843402,141
140,0.2190081284652833,test,0.6032404,142
141,-0.33860201697780234,train,0.047451302,143
142,-0.5820725861024288,train,0.1660867,144
143,0.13470988600195702,train,0.70763314,145
144,-0.5225667714418182,train,0.105209954,146
145,-0.759424464839343,train,-0.8061061,147
146,-0.28909605183598613,train,-0.20418721,148
147,-0.37636145347391164,test,-0.9174439,149
148,0.6149187513562647,train,0.5459072,150
149,0.3354906970994705,train,0.94716436,151
150,0.1396119596022752,train,0.46949384,152
151,0.5265755710958415,train,0.7104622,153
152,0.7347625861783208,train,0.8280156,154
153,1.3336807770831407,train,0.7480252,155
154,0.7656720422219417,train,0.7626321,156
155,-0.552448526384942,test,-0.02643517,157
156,-0.45558516300665197,test,0.024172572,158
157,-2.8332437305585563,train,-2.8957787,160
158,-2.945734401641006,test,-2.6953244,161
159,-2.2817774616190865,train,-2.5264487,162
160,0.8515793962326043,train,0.68626606,163
161,2.0185101550121356,train,1.0172805,164
162,0.5720158933487989,train,0.9715374,165
163,2.511805822263473,test,1.1117303,166
164,0.4804662383618703,train,0.5482291,167
165,-0.33142063787157994,train,0.12784824,168
166,1.6497234778982826,train,1.1542351,169
167,0.15385805977403255,train,0.23860066,170
168,2.3285606269461163,test,1.0727783,171
169,0.7494338742678635,train,1.0620366,172
170,-0.42751974333766596,test,0.8989049,173
171,0.190927367943453,train,0.24763684,174
172,-2.077737985264639,train,-1.6539345,175
173,-1.8380090766864412,train,-1.667331,176
174,-1.9120333008893255,test,-1.5182381,177
175,-1.9416088380446475,test,-1.859641,178
176,-2.219759154390816,train,-2.0077672,179
177,-1.9935357288417443,train,-1.7760143,180
178,-2.4296285280887555,train,-2.56002,181
179,-1.5298591345058141,train,-1.5464237,182
180,-1.0182442757127739,train,-1.1068599,183
181,-1.064943738658101,train,-0.7991908,184
182,-0.9158176259571823,train,-0.80232227,185
183,-1.0195045339891684,train,-1.3663771,186
184,-1.4606515286534667,test,-1.5468642,187
185,-1.2972074714107193,train,-1.405878,188
186,-0.7547465732896366,train,-0.87107533,189
187,-0.865915526621636,train,-1.0050586,190
188,-1.1343247884029888,train,-1.0303394,191
189,-0.9892001421643557,train,-1.0256082,192
190,-0.8497020166200498,train,-0.40874293,193
191,0.12375317313536378,train,0.6320147,194
192,-1.4457288528440633,test,-1.2412696,195
193,-1.6896410517348692,train,-1.7795845,196
194,-0.9647151388646338,train,-0.96407086,197
195,-0.9703914810385866,train,-1.0118785,198
196,-1.3611583997716952,test,-1.140451,199
197,-0.36549730329828506,train,-0.06953825,200
198,-0.6057001005770979,test,-0.0076332595,201
199,-0.12942890159521628,test,1.1597375,202
200,-0.46680312523644857,train,-0.42596385,203
201,-0.3609131326020942,train,-0.5392684,204
202,-0.5731153914071754,train,-0.5279434,205
203,-0.4367743362628518,train,-0.20808356,206
204,1.2705161813085162,train,0.61910474,207
205,-1.2059630813596862,train,-0.75621086,208
206,0.7378569273548403,train,0.9701844,209
207,-0.21921985984094697,train,-0.2873837,210
208,-0.6398353863994974,test,-0.6931485,211
209,-0.08186514873075788,test,0.2297333,212
210,-0.985327103106121,test,-1.5909965,213
211,-1.5919070967834874,train,-1.2042086,214
212,-1.2272124644828946,train,-1.2214686,215
213,-1.1753211754127866,train,-1.4837737,216
214,-1.0438101636190806,train,-0.9644275,217
215,-1.432601375058028,train,-1.2819914,218
216,-0.7195177889038014,train,-0.94992554,219
217,-1.2616402223144045,train,-1.2394651,220
218,-1.3525705125331107,test,-1.3446131,221
219,-0.9199457979609529,train,-1.6180638,222
220,-0.7398719240510607,test,-1.4427669,223
221,-1.9668769343287935,test,-1.7148614,224
222,-1.3162547101261088,train,-1.4085273,225
223,-0.5790005292787469,train,-1.2541367,226
224,-1.469630925229402,train,-1.9313184,227
225,-1.9450362266342707,train,-2.090586,228
226,-2.313279353085524,train,-1.9953325,229
227,-1.4152438598813637,train,-0.81368744,230
228,-1.281596523808981,train,-1.2764727,231
229,-0.8583976689129206,train,-0.88335633,232
230,-0.9180091314071588,train,-0.85284185,233
231,-1.1700744586350749,test,-1.4411879,234
232,-1.3643088635672955,train,-1.5132496,235
233,-1.6953946762025693,test,-1.6395966,236
234,-0.8268516293419281,train,-0.95111865,237
235,-0.8759906109495288,train,-1.0182449,238
236,-0.9112074425932881,train,-0.894508,239
237,-1.03885242854702,test,-1.0779703,240
238,-1.0975511704770065,train,-0.9694199,241
239,-0.7426280633903414,test,-0.77481,242
240,1.658905289687352,test,0.72457,243
241,1.9034518654125603,train,0.60362834,244
242,-0.529446052869754,train,-0.24419461,245
243,-0.8389168531039869,test,-0.8720006,246
244,-0.6772266151087264,test,-0.7867213,247
245,-1.086013363497736,train,-0.9183028,248
246,-1.1140090254510717,train,-0.9084473,249
247,-0.6863603270442193,test,-0.86797136,250
248,-0.7367528660889308,train,-0.592466,251
249,0.5264147493456426,train,0.30853927,252
250,-1.5726530066732174,train,-1.3340348,253
251,0.4170111276238191,train,0.67513245,254
252,0.018364983633650637,train,0.30602944,255
253,0.3441997198957482,train,0.80026364,256
254,0.37629944335423243,test,0.7588027,257
255,1.5666277285936516,train,1.0483541,258
256,-0.21574249132120338,train,0.77555704,259
257,-0.6083288754228416,train,-0.72498965,260
258,-0.2578113250145053,train,-0.12615173,261
259,0.012936392509797086,test,-0.37685153,262
260,0.38984572746525475,train,0.5824464,263
261,1.6708994383438305,test,1.371264,264
262,1.915681148014201,train,1.3575262,265
263,1.4789813610286504,train,1.166995,266
264,1.0075377738337412,train,1.2499222,267
265,1.2133786527753472,test,1.1937909,268
266,0.881061019922655,train,1.1614014,269
267,-0.2707955861387442,train,0.05035148,270
268,0.2438710992828014,train,0.32071033,271
269,-2.3658388995648325,train,-2.5882401,273
270,-2.6548838387735674,test,-2.504143,274
271,-2.2274101601470377,train,-2.3470135,275
272,0.6902554235371987,train,0.7673423,276
273,0.5350077643367571,train,0.6572609,277
274,1.2820728240955395,train,1.318842,278
275,2.6090530527711477,test,1.0956318,279
276,-0.024389088637264706,train,0.3891595,280
277,2.0331245466645673,test,1.2923869,281
278,1.3125443645013914,train,1.2162256,282
279,0.19721924921385772,train,0.3072517,283
280,1.4444033220903738,train,1.2505194,284
281,0.9263823087923998,train,1.5089405,285
282,1.6226109526237444,test,1.4020892,286
283,0.4334680687990835,train,0.6999617,287
284,-0.071951129330298,train,0.16436964,288
285,0.5398749668932701,train,0.82178867,289
286,0.658188950340351,test,0.7426616,290
287,-1.707555345659798,train,-1.5822817,291
288,-1.7277011424193187,train,-1.6217752,292
289,-1.257360563230129,test,-1.4076078,293
290,-0.9939296779229186,train,-1.4391454,294
291,-1.4829517155681282,test,-1.7858819,295
292,-2.1140314042276644,train,-1.762782,296
293,-2.3345817154495347,train,-2.3584256,297
294,-1.2407783362234843,train,-0.67875314,298
295,-1.5997582250179907,train,-1.677525,299
296,-0.6795200317720936,test,-0.82085204,300
297,-0.8623009011093427,test,-0.7678979,301
298,-0.5200328628600157,test,-0.9401474,302
299,-0.7641622653535992,train,-0.73034096,303
300,-1.1169292841711114,train,-1.1619655,304
301,-1.0893439697012177,train,-0.67355627,305
302,-0.6390853626850876,train,-0.3044637,306
303,-0.30677321648175143,test,0.06803673,307
304,-0.3002214410962699,train,-0.46540603,308
305,-0.23423026394115584,train,-0.4758055,309
306,-0.2968592829956562,test,0.41233075,310
307,-1.332600349426035,train,-0.97462726,311
308,-0.19017563804440688,test,0.35136536,312
309,0.04576938493184832,test,0.4249273,313
310,-1.3912707647840268,train,-1.2942748,314
311,-1.3422142737019522,train,-1.3984246,315
312,-0.6456682750700324,test,-0.528927,316
313,-0.9458138983088413,train,-1.1141423,317
314,-1.2572679637054107,train,-1.0035907,318
315,-1.2151566494663664,train,-1.2494503,319
316,-0.3499799109051521,test,-0.19039883,320
317,-0.557230861213954,train,-0.2561394,321
318,1.927037862000144,train,1.79836,322
319,3.0998699205179703,train,2.0399556,323
320,0.1761436749160444,train,-0.10988087,324
321,-0.4334819332661359,train,-0.39803347,325
322,0.3282480943121972,test,0.28634223,326
323,0.5449033869543253,train,0.28320864,327
324,2.1976124427877934,train,0.9177059,328
325,-0.03344342104223929,train,0.33916163,329
326,-0.6261566163968425,train,-0.26280755,330
327,0.7123646030506099,train,1.0800571,331
328,0.2628475702852594,train,0.49975947,332
329,0.46483414449566957,train,0.17600775,333
330,-0.341700234708607,train,0.35763186,334
331,-0.6635777067006238,test,-1.0239428,335
332,-1.1064253946115603,train,-1.1268997,336
333,-1.1035775804706895,train,-0.8052102,337
334,-0.9936778113623831,train,-0.9653815,338
335,-0.7653155039490787,train,-0.7512338,339
336,-1.2077509759331573,train,-1.3514193,340
337,-0.6240698701126618,train,-0.7010723,341
338,-0.8206651877407943,train,-0.81137866,342
339,-0.4308256226974359,test,-1.931629,343
340,-1.1184278877021079,train,-1.1038437,344
341,-1.630324289711833,train,-1.5119662,345
342,-1.048791791879328,test,-1.7637391,346
343,-0.6292643909621665,train,-0.91567683,347
344,-1.1393860882621447,test,-1.7240478,348
345,-1.334778926684066,train,-1.7239654,349
346,-1.8679871092857474,test,-1.9156895,350
347,-2.747616492848641,train,-2.5630605,351
348,-1.0240217194035697,train,-1.0150807,352
349,-1.1542000838378805,train,-0.92923963,353
350,-0.6677678338607519,test,-0.64945275,354
351,-0.8003038537211529,test,-0.76030403,355
352,-0.8516599461582978,test,-0.9943562,356
353,-0.7451481065682406,test,-0.5601341,357
354,-0.9273761204931534,test,-1.0339199,358
355,-0.6815607936513345,train,-0.72595817,359
356,-0.11440070708501537,train,-0.59506303,360
357,-0.3865432895563145,train,-0.39675257,361
358,-0.8127814537591954,test,-0.75174546,362
359,-1.010390620707553,train,-0.9392717,363
360,-1.098256654850031,train,-0.9348387,364
361,-0.41700547973589036,test,-0.3935655,365
362,2.196196799858995,train,0.9227829,366
363,2.0726316058596175,test,0.7512099,367
364,-0.487651572482837,train,-0.07494242,368
365,-0.40542625973030527,test,-0.30806693,369
366,-0.9786613796147706,train,-0.80309796,370
367,-1.0610695012523694,train,-0.99676394,371
368,-0.6455974336871095,train,-0.80153984,372
369,-0.270159345858223,train,-0.015367098,373
370,1.0792449807963878,test,0.5065106,374
371,-0.6655521159654375,test,-1.185524,375
372,0.014768602760648154,train,0.40168566,376
373,0.04875606991163104,train,0.23979382,377
374,5.19933758270342,test,1.1064298,378
375,2.406429018703349,train,1.0885392,379
376,1.1452082437511648,train,1.2621734,380
377,0.5538435216382271,test,1.2879606,381
378,-0.5079421421913218,train,-0.6275631,382
379,-0.3023271318257759,train,-0.1430403,383
380,1.8098897099174351,test,0.011702681,384
381,0.1499449978829306,train,0.3999665,385
382,1.6956880038062168,test,1.6685548,386
383,0.9380992244472347,train,1.6466659,387
384,1.723149941362092,train,1.6886609,388
385,1.3044762196632451,train,1.2405729,389
386,0.5809156466297021,train,1.0927624,390
387,1.3856428673391157,train,1.5493131,391
388,-0.028912863555664563,train,0.16461031,392
389,0.4194754243667662,train,0.016870638,393
390,-1.7624114780216624,test,-1.9044691,395
391,-1.9094434670162217,train,-2.0851707,396
392,0.49673063434822795,train,0.5396839,397
393,1.4038085270527008,train,1.8435345,398
394,0.6812883362650963,test,0.5202012,399
395,1.053296527865894,train,1.4251897,400
396,1.3722636537526127,train,1.2903999,401
397,0.7478848324449601,train,1.0695734,402
398,1.292117468397977,test,1.3666857,403
399,1.8661514547412685,train,1.6411881,404
400,0.2708583856645713,train,0.45860144,405
401,1.1495435203956221,train,1.4246418,406
402,0.9559605652678522,train,1.5691316,407
403,1.561266488213364,train,1.0141121,408
404,-0.3799396917277656,train,0.029448284,409
405,0.5960973534964636,train,0.9179254,410
406,-1.3410922013707636,train,-1.1190033,411
407,-1.569157164868666,train,-1.3377966,412
408,-1.7905982633939777,train,-1.6037545,413
409,-1.3158358819472835,train,-1.4411385,414
410,-1.8022913207276514,test,-1.6866362,415
411,-1.1597852087234652,test,-0.6273377,416
412,-1.5128236394646903,train,-1.26333,417
413,-0.5939828272829426,test,-0.45956925,418
414,-1.1097680045279719,train,-1.1295297,419
415,-0.5685265041392835,test,-0.61890036,420
416,-0.8122698039967913,train,-0.76908374,421
417,-0.4304492949042564,train,-0.48648596,422
418,-0.40139901436312364,train,-0.3408104,423
419,-0.29902741579876907,train,0.0024689455,424
420,-0.6705361182256838,test,0.4321501,425
421,0.09174542253806472,train,0.53328276,426
422,0.6172168654518293,test,0.9088027,427
423,-0.3555801493740676,train,0.1036973,428
424,2.3653909283254038,train,0.9037155,429
425,-0.8062501989838371,test,0.7776661,430
426,0.6208345606714647,train,1.0816181,431
427,-0.395787479079231,test,0.16480939,432
428,-0.7764135157594286,test,-0.5986412,433
429,-0.6725798911348932,train,-0.5263609,434
430,-0.3290389980568237,train,-0.22200036,435
431,-0.35445576378233273,train,-0.18857828,436
432,-1.0713527151234263,train,-1.0472641,437
433,-0.25606227039955715,test,-0.48016143,438
434,-0.5292256068994412,train,-0.38635966,439
435,1.9600666964373943,test,1.6790146,440
436,-0.7881231014715852,train,0.14815502,441
437,1.8381560334723759,train,1.653575,442
438,-0.6007620560247016,test,-0.68470436,443
439,-0.6992548617884432,train,-0.47087374,444
440,-0.5139561010624749,train,-0.36135536,445
441,-0.20198124814699317,train,-0.2859955,446
442,-0.39226190653411275,train,-0.3639621,447
443,-0.4672252678466764,train,-0.20403288,448
444,-0.20885723679175844,train,-0.1808163,449
445,-0.33620399016671476,train,-0.4040314,450
446,-0.6182612680611889,train,-0.36796296,451
447,-0.5340198233393584,test,-0.11051889,452
448,-0.38344540005674743,train,-0.35196072,453
449,0.06573605025801581,train,-0.42244053,454
450,0.29783076956718635,train,-0.23933455,455
451,-1.2336630404917113,test,-0.6463132,456
452,-1.194583447353753,train,-1.0866712,457
453,-0.9377563245051083,train,-0.90491927,458
454,-0.7350750249845981,train,-0.7849444,459
455,0.764779989011104,train,0.38536596,460
456,-0.6863189665903053,train,-0.465705,461
457,-0.7579432260048956,train,-0.7312314,462
458,-0.826404574595433,train,-0.8669531,463
459,-0.7862497333879251,train,-0.67805225,464
460,-0.47057165830418324,train,-0.65964997,465
461,-0.4400185835810927,test,-0.513254,466
462,-0.7532099306740179,test,-0.97122717,467
463,-0.5042279978435856,train,-0.45983857,468
464,-1.2699106675609309,test,-1.5091901,469
465,-0.7344994807586499,train,-0.3799493,470
466,-0.6240698701126618,train,-0.19788466,471
467,-0.05157073264497232,train,-0.4757883,472
468,0.4770315789329064,train,0.09875653,473
469,-0.611309199263053,train,-0.41746742,474
470,-0.2605081298017555,train,-0.45680818,475
471,-0.9055388307464052,test,-0.73201317,476
472,0.5231096997240857,train,0.39859873,477
473,0.3706948868681729,train,0.18421534,478
474,-0.3601717239541596,train,-0.09540878,479
475,-0.5731153914071754,train,-0.4901929,480
476,-0.3484823550239827,train,-0.43151867,481
477,-0.4180423763971709,train,-0.5210461,482
478,-0.5392078810465813,train,-0.48426524,483
479,0.23865142590983418,test,-0.34651268,484
480,0.2887640453217194,train,0.12094448,485
481,-0.9064633223971329,test,-0.5588228,486
482,-0.8721719701764592,train,-0.65151167,487
483,-0.7134616107926389,train,-0.5263103,488
484,-0.42119344001535314,train,-0.3045244,489
485,-0.31058469069382033,test,-0.18344952,490
486,0.22054546240715286,test,0.13566464,491
487,0.8947422465734136,train,0.8432139,492
488,-0.15116605343511724,train,0.24112467,493
489,-0.0550865565488305,train,0.62704355,494
490,0.07240759773530364,test,0.56387657,495
491,0.621125878552592,train,0.76243573,496
492,-0.18825253071537476,train,-0.12690057,497
493,-0.4143105545506692,test,-0.15033618,498
494,0.14040078817024063,test,-0.08101428,499
495,1.2617458753260435,train,1.2959787,500
496,1.1279089406562046,train,1.0248619,501
497,0.2361811035686606,test,1.3141162,502
498,0.349586716687848,train,0.56542236,503
499,0.5044721978655432,train,0.72081244,504
500,0.10665136083959934,train,0.22753562,505
501,-2.4636059365906373,train,-2.3486726,507
502,0.8189805424114213,train,1.3347368,508
503,0.8376027201814235,train,1.1436952,509
504,-0.12168033092310371,train,-0.054783292,510
505,2.153587667357989,train,1.2590635,511
506,0.5852932896743485,test,1.0261043,512
507,0.7947864528571225,train,1.0213908,513
508,1.2931331545280476,train,1.1227272,514
509,0.8363293453426247,train,1.0380185,515
510,1.7621201357266336,train,1.594365,516
511,0.5490955322803345,train,1.4560169,517
512,1.7326455530891196,train,1.5646703,518
513,-2.0979223367814295,test,-1.6215379,519
514,-1.6813210479630432,test,-0.8016994,520
515,-1.8199771871445878,train,-1.7378182,521
516,-0.8848963869003217,train,-0.7487623,522
517,-1.5395225509733228,train,-1.488594,523
518,-1.418807699504216,train,-0.4451886,524
519,-1.4392565283024508,train,-1.2875817,525
520,-0.09112098634754015,train,-0.09829717,526
521,-0.30740316551945507,train,-0.042695794,527
522,-0.3989761453090236,test,0.17394973,528
523,-0.8402634199095722,train,-0.4222941,529
524,-0.46418804133639235,train,-0.26719198,530
525,-0.3521874912585639,train,-0.22589307,531
526,-0.4734526335363612,train,-0.7249274,532
527,0.587919522526964,train,0.42197165,533
528,0.36623591922781495,train,0.32256496,534
529,0.31845014658224896,test,0.33841506,535
530,0.432782571904933,train,0.38599893,536
531,0.003373598362930222,train,0.14752929,537
532,-0.8449502220392743,test,-0.8201356,538
533,-0.6991038597951226,train,-0.6803779,539
534,0.646649734704379,test,0.14276074,540
535,0.4583338955526747,train,0.20627332,541
536,0.8972709874635637,test,0.12866372,542
537,0.5091602103513279,train,0.11030976,543
538,-0.16749767433679077,test,0.12928352,544
539,-0.10466401338024943,train,0.027677657,545
540,-0.23360309660551415,train,-0.0368056,546
541,0.582615101330688,train,0.08486786,547
542,-0.3718276497901572,test,-0.017626889,548
543,0.1836287908822284,test,0.7837937,549
544,1.9773792138055932,train,1.3229259,550
545,-0.2922131406829116,train,-0.056675434,551
546,-0.04271269358684843,train,0.108861424,552
547,1.3924274091170912,train,1.1249504,553
548,-0.08959315401262537,test,0.3751064,554
549,0.9813245975300675,test,0.0891617,555
550,0.15974664513429765,train,0.31209347,556
551,1.5129095693829213,train,0.57967937,557
552,1.7539640292645768,train,1.61141,558
553,-0.500521486891736,test,0.14679947,559
554,-1.0238271716114655,test,-0.63455546,560
555,-1.0102415934255513,train,-0.4278006,561
556,-0.053522977608967647,train,-0.6138897,562
557,-0.5850873585710598,train,-0.6692566,563
558,-1.0361573832071254,test,-0.37623864,564
559,-0.50330067195366,train,-0.5726885,565
560,-0.5772229311937228,test,-0.5655693,566
561,-0.008202699992486415,test,-0.1228409,567
562,-1.298891359804411,train,-0.9999536,568
563,-0.7048510935331592,train,-0.62334746,569
564,-0.8817318596809942,train,-0.7882929,570
565,-0.44175827639433657,train,-0.8739554,571
566,-0.9454125383441992,train,-0.6481396,572
567,-1.225239085638495,test,-1.1811236,573
568,-1.4477445138851799,train,-1.2704883,574
569,-1.3833989406674263,train,-1.5892884,575
570,-0.6928380763277,train,-0.7582893,576
571,-0.49796503590338737,train,-0.68610334,577
572,-0.9327940022629142,train,-0.69865465,578
573,-0.4093471455128934,test,-0.66155285,579
574,-1.6541447865382133,train,-1.4109851,580
575,-0.8845697299282618,test,-1.0497957,581
576,-1.190451060229493,train,-1.1042936,582
577,-0.20817380225110652,train,-0.48264307,583
578,0.5788971674203395,train,0.019322475,584
579,-0.2111454652736562,test,-0.18080264,585
580,-0.16511592077503168,train,0.4752285,586
581,-0.169417048879499,test,0.9468856,587
582,0.3816209600299995,train,0.24305467,588
583,0.3234272126285181,train,0.3070581,589
584,0.2848841955469546,test,0.16991259,590
585,0.008772599871166646,test,0.04087565,591
586,-0.15822199392211853,train,0.051170163,592
587,2.2301236239639604,train,1.2535573,593
588,2.100856884333464,train,1.1524396,594
589,0.2617850488856315,train,0.8779001,595
590,-0.31241607548634337,test,-0.033629723,596
591,-0.2515445772519283,train,-0.08542393,597
592,0.455014338170805,train,0.3765375,598
593,1.4607920100163179,train,1.6875467,599
594,1.590172568303201,train,1.588069,600
595,1.2576911822345336,train,1.3856915,601
596,1.095562157113543,test,0.9116521,602
597,0.9966610542227538,test,1.3454303,603
598,0.7477265819102351,test,1.176673,604
599,0.3069547433010456,test,0.33250123,605
600,0.38629226302644937,train,0.701808,606
601,1.2020663610723483,train,1.1717783,607
602,1.1553544484336475,train,1.3332914,608
603,0.5904497060801479,train,0.71759737,609
604,0.8784133349543958,train,1.0894009,610
605,0.854100675934636,train,1.0513363,611
606,0.5595604422918078,train,0.7543319,612
607,0.625984656403052,train,0.8790722,613
608,1.1350527382711457,train,0.9339186,614
609,-1.6348130537302212,train,-1.7542439,616
610,-1.7672908527248437,test,-2.054364,617
611,-1.9774216976631738,train,-2.0437276,618
612,0.9981005708968712,train,1.1232978,619
613,0.9080292767441481,test,2.0311785,620
614,1.02090503126563,test,0.62500787,621
615,0.7416005761467105,test,1.5480988,622
616,0.7281164603236707,train,1.0038325,623
617,0.6770651498962228,test,1.0027161,624
618,0.663192933156964,train,0.9920399,625
619,0.844657858255147,train,0.91668165,626
620,1.2535744340070505,train,1.1265824,627
621,2.856136711186986,test,1.2968625,628
622,0.8061447680172779,test,1.6092759,629
623,1.6137545254880623,train,1.7395668,630
624,0.8293501489163403,train,0.9139406,631
625,1.3015188200611316,train,1.7397803,632
626,1.5544809562559319,test,1.7679142,633
627,-0.7931518625018795,train,-0.46529037,634
628,-0.8085416913302711,test,-0.31391013,635
629,-0.6333045482231282,train,-0.7358581,636
630,-0.6962290242803031,train,-1.1219314,637
631,-1.1482619349984646,train,-1.1247855,638
632,-1.3781265621566128,train,-1.2515861,639
633,-1.0703372494145251,train,-0.8747444,640
634,-1.3983262618061423,train,-1.2939717,641
635,-1.183938567935322,train,-1.318479,642
636,-1.1414093684358841,test,-0.9404496,643
637,1.8512446120189956,train,1.1753312,644
638,0.11969103224714521,test,1.3848485,645
639,-0.1280698595066972,train,0.43541995,646
640,-0.023787404497451772,train,0.16761054,647
641,-0.6419101252984827,train,-0.22667341,648
642,-0.09701034973994183,train,0.059015393,649
643,-0.0932884358499438,test,0.5821963,650
644,0.08664106049921005,test,1.1270126,651
645,1.2748300510439001,train,1.1096659,652
646,1.496137964003252,train,1.1980131,653
647,1.1854143655332412,train,1.1489357,654
648,1.1307568824527774,train,1.1401043,655
649,0.7233967972960026,test,1.0984635,656
650,0.8395754265393126,train,1.2047503,657
651,0.5417619849685589,test,1.2427586,658
652,-0.5378081509013459,train,-0.22796355,659
653,-1.3742756379692307,train,-1.4781514,660
654,1.0269039244618452,train,0.8702685,661
655,-0.39249257846757907,train,-0.3512617,662
656,-0.7082633000857891,train,0.016329965,663
657,-0.6584282154697685,train,-0.15263952,664
658,0.6655910728800034,train,0.5350246,665
659,0.5238854024468995,train,0.47334832,666
660,1.0128534279914632,test,0.9278768,667
661,0.6291032146124234,train,0.49219188,668
662,0.859083636678508,train,0.5098216,669
663,0.6515681423163308,train,0.52425474,670
664,-0.06560808475401429,train,0.29190361,671
665,0.23424186978639475,train,0.2993888,672
666,0.7348371620303995,test,0.86665016,673
667,0.1870670379881339,train,0.35395375,674
668,0.32054421302346425,test,0.07225578,675
669,0.48129074987879833,train,0.63664144,676
670,0.4607479727486925,train,0.5144206,677
671,1.3095902123209733,train,0.99544513,678
672,1.3830984103579769,train,1.3864473,679
673,0.02203665531870835,test,0.33316603,680
674,-0.9745914457893462,train,-0.6651977,681
675,-0.8899089908985486,train,-0.3091135,682
676,-0.4947294425531074,test,-0.6333567,683
677,-0.1422751019043945,train,-0.2094782,684
678,-0.777943000661338,train,-0.43151549,685
679,-0.011275318027731797,train,-0.112377614,686
680,-0.47735755306289807,train,-0.67812055,687
681,-0.9583423507272961,train,-0.88548243,688
682,-0.8350779930368866,train,-0.6655074,689
683,-0.5253805367294527,train,-0.53674054,690
684,-0.7684378640704583,train,-0.60197765,691
685,-0.8921804624460464,train,-0.8594431,692
686,1.0232587838886522,train,-0.2634381,693
687,-0.9856492547645804,train,-0.98537105,694
688,-1.2751984211232927,train,-1.1623966,695
689,-1.781386501514721,train,-1.4829698,696
690,-0.4836084011909652,train,-0.266164,697
691,-0.5348532543617284,train,-0.3970256,698
692,-0.7509554889120379,train,-0.34988993,699
693,-0.32882193769134294,train,-0.17089954,700
694,0.16371505468964737,train,-0.21012245,701
695,0.049955523576079845,train,-0.2316872,702
696,-0.89876585784126,train,-0.89283717,703
697,-0.08705001258591072,train,-0.04218071,704
698,0.055421935503835534,train,-0.19858144,705
699,-0.08225078311045408,train,-0.46909603,706
700,0.3569064554406827,test,-0.16184568,707
701,-0.060256299613159287,train,0.23828067,708
702,0.28100486596685975,train,0.3096054,709
703,-0.1179136321547901,train,0.29096127,710
704,0.3843819149885457,train,0.43242985,711
705,0.6400282436093246,test,0.26885766,712
706,0.4428733880404089,test,0.061137505,713
707,0.24989860885343157,train,0.33465248,714
708,-0.17275097190447222,train,0.142655,715
709,-0.24718343069556126,train,0.18746835,716
710,0.3100120307211111,test,0.46195707,717
711,0.1953393708132143,test,0.25766078,718
712,0.3897153474740107,train,0.26343498,719
713,0.2954607040595719,train,0.3768944,720
714,0.0514760776531485,test,0.16735515,721
715,1.1770896996480134,train,1.4200647,722
716,1.4391782368003567,train,1.3023547,723
717,0.9068592028144973,train,0.9600744,724
718,0.7642975981890402,test,0.764322,725
719,1.0625827657713913,train,1.3603753,726
720,1.985426799964359,train,1.3992882,727
721,0.18905495600193883,train,0.6168021,728
722,1.5297201338135746,train,1.2242755,729
723,0.6737533246836493,train,0.68225265,730
724,0.8010281465712543,test,1.148341,731
725,1.5999544105968724,train,1.5946796,732
726,1.0714446675481095,train,1.2198086,733
727,0.825318806362662,train,0.9263474,734
728,0.8484414995048446,train,0.98271394,735
729,0.7178154259854058,train,0.7178186,736
730,0.5673047095634554,train,0.71837157,737
731,2.7475192851676473,train,1.5726427,738
732,2.051202206127463,train,1.4603717,739
733,-1.1240629174473542,train,-1.300049,741
734,-1.2417355078294012,train,-1.4033409,742
735,-1.5883184258411367,train,-1.5414785,743
736,1.0453321045757906,test,1.3220838,744
737,1.243135731370609,test,1.640966,745
738,1.2768286288402533,train,1.4628547,746
739,0.6239821349837248,test,1.3990889,747
740,0.8665533637790008,train,1.121016,748
741,0.5436996929554295,train,0.8865171,749
742,0.7293337550051004,train,1.3697265,750
743,0.8620130494503235,train,0.8689663,751
744,0.9828130123571803,train,0.8071236,752
745,2.4946637270968477,test,1.3207768,753
746,0.6578293258420047,train,1.474925,754
747,1.5437916040389568,train,1.8055623,755
748,1.5062333722025965,train,1.250274,756
749,0.4500606490609944,train,0.7759074,757
750,1.43240384905591,train,1.2724204,758
751,-0.5643341600383365,train,-0.18909872,759
752,-0.5090718321073361,train,-0.3479154,760
753,-0.5539342400109906,train,-0.40930736,761
754,-0.9263684812644923,train,-0.69558346,762
755,-0.9394699902363819,train,-0.938088,763
756,-0.5898364026934313,train,-0.4441506,764
757,-1.4307988328963823,train,-1.0807776,765
758,-0.7090938090831812,train,-0.3607965,766
759,-0.87065524714738,test,-0.6435239,767
760,1.416327242763981,train,0.7914592,768
761,-0.8671660302226649,train,-0.5579406,769
762,1.4612674305201234,test,0.56229216,770
763,0.5006032513357417,train,0.94482535,771
764,1.3417307787012396,train,0.84482604,772
765,0.46678960321507357,train,0.2840911,773
766,0.5919232483366231,train,0.4722356,774
767,1.1233885298484108,test,0.5033077,775
768,0.6307429402201276,train,0.5327507,776
769,1.1065135734665557,train,0.44755358,777
770,0.9361620209083512,train,0.5209514,778
771,1.0654771205780686,test,0.4264341,779
772,1.1960658755093942,test,0.42088905,780
773,-0.24702208577628465,train,0.13100974,781
774,0.2905774330103837,train,0.643084,782
775,0.9607703750333079,train,0.80903065,783
776,-0.38877464256561567,train,-0.09961291,784
777,-0.7271353235684886,test,-0.39942938,785
778,2.3195204935721083,test,0.64688087,786
779,0.06876862295147183,train,0.09391594,787
780,-0.2544968573913954,train,0.10488018,788
781,0.19580709850114666,train,0.18186563,789
782,0.7956239770769035,train,0.756589,790
783,0.17954818903695197,test,-0.10515833,791
784,0.40885222528314297,train,0.5855989,792
785,0.7061579632685783,train,0.92905474,793
786,0.511384986243262,train,1.0536275,794
787,0.08052485880968835,train,0.39081177,795
788,0.21342266312291502,train,0.311701,796
789,0.48538512426316005,train,0.6298722,797
790,0.31240070688533217,train,0.38106218,798
791,1.1787076360223239,train,0.48063782,799
792,0.7815814123880853,train,0.80967873,800
793,0.7900315387625125,train,0.68063664,801
794,0.9015064128490088,train,0.5730937,802
795,1.7475108680604956,train,1.8189766,803
796,0.27371646247912357,test,0.23095505,804
797,0.041454488047055094,train,-0.31393328,805
798,-0.7677968316328239,train,-0.31189182,806
799,-0.4006710090250098,train,-0.24993901,807
800,0.5667651301248967,train,0.1317882,808
801,-0.24196829578394283,train,-0.31631595,809
802,0.6014462534885756,train,0.3236658,810
803,-0.07142809532192648,test,-0.03593047,811
804,-0.8172835296024595,train,-0.47639012,812
805,2.075463636744912,train,1.0912926,813
806,-0.7259619058623451,train,-0.4051112,814
807,-1.1311990216955974,train,-1.0968461,815
808,0.08669039186675755,train,0.02094332,816
809,-0.6609912522380356,train,-0.845148,817
810,-1.075534410439506,train,-1.2138777,818
811,-1.8606613678373938,train,-1.516391,819
812,-0.16493662637802511,train,0.039403245,820
813,-0.43393872660795907,train,-0.063597865,821
814,0.28806711485551584,train,0.59323937,822
815,1.957371647511504,train,0.6323939,823
816,0.11408510628786879,test,0.35213488,824
817,1.5224967758686958,test,0.54139227,825
818,1.7698112019916787,train,0.62678295,826
819,-0.02831743881147832,train,-0.35543638,827
820,0.20574771869364045,train,-0.071637794,828
821,-0.18046258315877525,train,0.4489106,829
822,-0.10874181267218799,train,0.45455498,830
823,-0.304848950755904,train,0.32828182,831
824,2.280256130364279,train,0.9167732,832
825,0.24556099321869235,train,0.373165,833
826,0.5320535313137102,train,0.28189272,834
827,0.4567275600961592,train,0.667924,835
828,0.9457947376399186,train,0.73140675,836
829,0.02087577107333212,train,0.31443715,837
830,-0.13592860960269848,train,0.19339806,838
831,0.6894870071671967,train,0.5854428,839
832,-0.019055488708327416,train,0.33733538,840
833,0.09170565200782532,train,0.26108524,841
834,-0.5110711341909742,train,-0.15942042,842
835,1.4010083553177204,train,1.4575276,843
836,1.588429703168547,train,1.4986852,844
837,0.8706979159458949,train,1.1423001,845
838,0.782056294553784,train,0.9257063,846
839,1.0866909298248868,test,1.6509646,847
840,2.132184677802105,train,1.7686671,848
841,1.003375254167723,train,0.717397,849
842,1.3453286307480845,train,1.5128193,850
843,0.4472062253185947,train,0.74280196,851
844,1.2281187596285132,train,1.3190349,852
845,2.4251307896733953,train,2.050464,853
846,1.8900643875879801,train,1.9304782,854
847,1.3653516385022644,train,1.4467882,855
848,0.8032616119983621,train,1.0898392,856
849,0.6609745979911608,test,1.1175,857
850,1.9323270856182035,train,1.9973539,858
851,0.7036837497777324,train,1.2420692,859
852,0.9290677903006862,train,1.2362889,860
853,-0.37487195522379435,train,-0.32385454,862
854,-0.7984285988782155,train,-0.62338054,863
855,1.225743045904764,test,1.3606601,864
856,1.4746338726513817,train,1.5470549,865
857,0.4751763277117853,test,1.658164,866
858,0.9153239670719946,test,1.3741889,867
859,0.7719206245160781,train,0.86842567,868
860,1.3540121933347318,train,1.6657577,869
861,0.9684729554061927,train,0.96938145,870
862,1.110082891749065,train,1.0973182,871
863,2.257204379934797,train,1.6807752,872
864,0.9931499601772917,test,2.0062664,873
865,1.1928754589613821,train,1.6177652,874
866,1.1728508373106044,train,1.2719024,875
867,0.03110482636036785,test,1.0264014,876
868,1.0141972668835415,train,1.2519097,877
869,1.1123797141129792,test,1.2554953,878
870,-0.40729453905002105,train,0.0031860191,879
871,-0.29123771230025014,train,0.37058508,880
872,-0.29413348796781436,train,-0.17232352,881
873,-0.2829048470519697,test,-0.18788016,882
874,-0.6517518945433188,train,-0.65466017,883
875,0.3629512364529568,train,0.009041747,884
876,-0.7891115868120742,train,-0.6762527,885
877,0.9887062418009335,train,0.72840816,886
878,0.4006595353169144,train,0.4268153,887
879,0.9217935478987314,train,0.7854009,888
880,-0.04118162721516807,train,0.17018048,889
881,1.3165331887714338,train,0.924509,890
882,0.31649870984932477,train,0.88048774,891
883,0.9643342658154931,train,0.38006437,892
884,1.1911811218888464,train,1.1808513,893
885,0.8655976658660025,train,0.69446206,894
886,0.9856428197407979,test,0.9873096,895
887,1.0400512862486562,train,1.0817649,896
888,0.5503887276422957,train,0.6536479,897
889,0.7520913795630707,train,0.67470044,898
890,0.7252569914584431,test,0.6608996,899
891,0.9772255407409441,train,0.64129835,900
892,1.2368295406237486,test,0.7728152,901
893,0.3447603411766737,test,0.90508956,902
894,0.7116203471646453,test,0.8429417,903
895,-0.0012299556618468265,test,0.4813473,904
896,-0.06034941931415344,train,-0.17362906,905
897,0.27315530038055336,train,0.36805058,906
898,0.3748593518471625,test,0.30861253,907
899,0.20199398241334116,test,0.3181185,908
900,0.09484632954337305,test,0.34681538,909
901,0.13029017548901126,test,0.1526381,910
902,0.2671336031154209,train,0.031892717,911
903,0.23365434956022357,test,0.5595828,912
904,0.11200070360233268,train,0.21359254,913
905,0.4680755870762243,train,0.40812626,914
906,-0.04914787326731722,train,0.062744915,915
907,-0.2213258487967061,train,-0.04869622,916
908,-0.40881426263627413,train,-0.30709332,917
909,-0.32399800687337355,train,-0.28092435,918
910,-0.37012057757834804,test,0.19355352,919
911,-0.2766372284381049,train,-0.33554202,920
912,0.04429660388645217,train,-0.046819586,921
913,-0.07833891661964999,train,-0.34439024,922
914,-0.11204470161389468,train,-0.17874925,923
915,0.08951598942800658,train,0.07495962,924
916,-0.06327359922502293,test,0.115302704,925
917,0.9736320973335819,train,-0.058297306,926
918,-0.955603211525237,test,-0.58943164,927
919,-0.4500790884361795,train,-0.20940934,928
920,-0.5497924386691845,train,-0.57744443,929
921,-0.724336604109581,train,-0.5818779,930
922,-0.7477665545252865,test,-0.30220357,931
923,-0.04398449793333239,test,-0.4696363,932
924,0.014251077536957061,train,0.0009730626,933
925,-0.569939617069918,test,-0.39697456,934
926,-0.4861604563084166,train,-0.30946818,935
927,-0.4502306813970368,train,-0.5527766,936
928,-0.4895723134997941,train,-0.6164094,937
929,-1.1792227377272206,train,-0.8702094,938
930,-0.924719480241573,train,-0.82485,939
931,0.06668265184138501,train,-0.401958,940
932,-0.6554962453139679,train,-0.33958435,941
933,-0.8044560187924464,train,-0.6041888,942
934,-0.6889044573112721,train,-0.40553838,943
935,-0.13923724888673616,train,-0.18506287,944
936,0.4835107836718087,train,0.118755184,945
937,-0.17522313921983027,train,-0.16243905,946
938,-0.7847264820395874,train,-0.8988562,947
939,-0.5993613313069602,train,-0.16556683,948
940,-0.3206566814882784,train,-0.25516918,949
941,0.2594845222087988,train,0.18602253,950
942,-0.2263884924548249,test,-0.31288633,951
943,-0.0993079921831638,train,-0.028833788,952
944,0.09713080345189579,test,-0.0074650133,953
945,-0.06663442922526941,train,-0.04113721,954
946,-0.19810649337506814,train,-0.08725099,955
947,-0.10648093314192389,test,-0.11349745,956
948,0.03571135147046368,test,0.23128341,957
949,-0.01415528474520407,test,0.24372284,958
950,0.10808851533148084,train,0.25484595,959
951,-0.3601717239541596,train,-0.14179686,960
952,-0.22894580564797495,train,-0.13544376,961
953,-0.21625383037987086,train,-0.15608677,962
954,-0.27321961612135953,train,-0.025070861,963
955,0.11124276581345122,train,0.14451288,964
956,0.14682567420102544,train,0.350015,965
957,0.17478940433587728,train,0.29885086,966
958,-0.04632725761460822,train,-0.0968341,967
959,0.15729375206035118,train,0.2829814,968
960,0.1043622540207449,train,-0.13892132,969
961,0.1292899615509281,train,0.63770354,970
962,0.07119750582246541,train,0.39117065,971
963,0.293034782302624,test,0.37187272,972
964,0.4877433114132231,train,0.4281903,973
965,-0.003852754353878378,train,0.2587528,974
966,0.33619944930076984,test,0.40123037,975
967,0.4732565629808738,test,0.37909517,976
968,0.027219662229715724,test,-0.04571599,977
969,-1.5371856385866005,train,-1.248315,979
970,-0.048535712878297,train,0.094002664,980
971,0.4908047291952726,train,0.512914,981
972,0.27925065715628716,train,0.20141849,982
973,0.053867279947534624,test,0.12174768,983
974,0.38177999249106725,train,0.4506085,984
975,0.7879584711512652,train,0.64946556,985
976,0.25812094730248064,train,0.051037244,986
977,0.1683391064025599,test,0.09122288,987
978,0.3090434545993946,test,0.74065894,988
979,0.42059546660140706,train,0.68139404,989
980,-0.654374602233545,train,-0.5814131,990
981,-0.9628655995522745,train,-0.744274,991
982,-0.4608613780431689,train,-0.8672692,992
983,0.7579223909827169,test,-0.816412,993
984,-0.5611680958266775,test,-0.3088263,994
985,-0.3164335077687814,test,0.014323624,995
986,-0.15940504783012366,train,0.022537814,996
987,0.940317238254007,train,0.039551213,997
988,-0.6338425207779019,test,-0.08549579,998
989,-0.14957802088119868,train,-0.1786009,999
990,0.2704167904499669,test,-0.1715176,1000
991,-0.3447906366364335,train,-0.25631946,1001
992,-0.3783279859076848,train,-0.60471517,1002
993,-0.18543470646843419,test,-0.09471511,1003
994,-0.284710315584197,train,0.13622425,1004
995,-0.1323655402223697,train,-0.025031775,1005
996,-0.5452789817448669,test,-0.1346204,1006
997,-0.5492258626573183,train,-0.42267668,1007
998,-0.4474038861486377,train,-0.49235067,1008
999,-0.48013111058066227,train,-0.42683545,1009
1000,-0.19289651173545083,train,0.061015695,1010
1001,-0.14191595317015926,test,0.2639585,1011
1002,-0.19581054118337943,train,-0.17099112,1012
1003,-0.28662396013362545,train,-0.11100823,1013
1004,0.4032413267984771,train,1.0398443,1014
1005,-0.07986238376936912,train,0.041980676,1015
1006,-0.15397737094465164,train,0.13746972,1016
1007,0.29667059875453283,train,0.4864489,1017
1008,-0.10303123239183785,train,-0.16693234,1018
1009,0.6836440969109889,train,0.5533951,1019
1010,0.2285194236105634,train,-0.014679441,1020
1011,-0.034382275069984494,test,-0.07685676,1021
1012,0.5150901216828756,train,0.68447024,1022
1013,0.5369111884656727,train,0.4785876,1023
1014,0.0751211585210853,train,0.15008456,1024
1015,-0.4142367320146453,test,0.5446659,1025
1016,-0.2416748365694114,train,0.5369849,1026
1017,0.3378749421704294,train,0.29788056,1027
1018,0.03297854407204978,train,0.45161715,1028
1019,-0.3950297237211949,train,-0.4429843,1029
1020,-0.2811227655500495,train,-0.07742068,1030
1021,-0.2676085662616938,train,-0.1134608,1031
1022,-0.1786474250632514,train,-0.14900173,1032
1023,-0.26507266305170674,train,-0.13485332,1033
1024,0.13634787079210073,train,-0.23320714,1034
1025,-0.1553712808796479,train,-0.24517983,1035
1026,-0.19339520596210147,train,-0.6530839,1036
1027,-0.018435870743210417,train,-0.21656539,1037
1028,0.028911440046462303,train,0.41030994,1038
1029,0.21122850081635805,test,0.31791326,1039
1030,-0.23069327392749125,test,0.2273532,1040
1031,0.3539470852661339,test,0.2774101,1041
1032,0.3016568039089711,train,0.33593312,1042
1033,0.33189365906997353,train,0.051492088,1043
1034,0.6529892550538655,train,-0.047224127,1044
1035,0.23021650925084072,train,0.0598867,1045
1036,0.4473758555510635,test,-0.0018455368,1046
1037,-0.5937084695144129,train,-0.4068268,1047
1038,0.1425665652885008,train,0.2929757,1048
1039,1.3596666578255698,train,0.9656101,1049
1040,1.2880674419232152,train,1.1096089,1050
1041,1.8646251247149026,test,1.2878288,1051
1042,1.001362067364262,train,1.1541154,1052
1043,0.0988599581243278,test,0.0351447,1053
1044,0.16515980165120728,train,-0.021493439,1054
1045,0.4034069604869061,train,0.3305588,1055
1046,1.2658327603169228,test,1.2675978,1056
1047,0.6451687073089991,train,1.0541635,1057
1048,1.1167580064517995,train,0.8935873,1058
1049,0.03832745322567428,train,-0.2079336,1059
1050,0.26544295395731654,test,0.03531996,1060
1051,0.39849347925861944,train,0.26578918,1061
1052,0.2554539770740274,train,0.40447035,1062
1053,0.3606214815318072,test,0.5844954,1063
1054,0.3410208834259601,test,0.49441132,1064
1055,0.14230688062010222,test,0.44802868,1065
1056,0.43498961218565996,train,0.41735366,1066
1057,0.9532707796719311,train,1.0289807,1067
1058,1.154168356811881,train,1.5020378,1068
1059,0.1575375876941523,train,0.04588616,1069
1060,0.8163287228871184,train,0.8839742,1070
1061,0.3715804839927804,train,0.4604876,1071
1062,0.2420149862912829,test,0.3214321,1072
1063,0.0824034821389412,train,0.25645304,1073
1064,0.3620794230370142,train,0.39978716,1074
1065,0.1729248638777746,test,0.5600074,1075
1066,0.6127580449843063,train,0.74652195,1076
1067,0.5608325991143313,train,0.47313076,1077
1068,-0.44699690136165887,train,-0.18842053,1079
1069,-0.7184224269025133,test,-0.23739831,1080
1070,-1.1553748733969114,test,-0.26766604,1081
1071,0.21711405634717715,train,0.22726348,1082
1072,0.6059298717579696,train,0.77840173,1083
1073,0.6095412545202746,train,0.6280722,1084
1074,0.24068311787704197,train,0.2978671,1085
1075,0.5135683132028601,test,0.585579,1086
1076,0.17154345693342718,train,0.14844741,1087
1077,0.12707020669439975,train,0.22708426,1088
1078,0.6043583045620757,train,0.6241885,1089
1079,0.6419085722725558,test,0.5861853,1090
1080,0.2538956407900316,test,0.5711901,1091
1081,0.6990534730078257,train,0.9131028,1092
1082,0.8575169091296865,train,0.7215051,1093
1083,0.4288935875791208,test,0.8686592,1094
1084,0.3578204906676292,train,0.29691845,1095
1085,0.574902191676561,train,0.23535578,1096
1086,0.18840625374789752,train,0.29920852,1097
1087,0.6800013958890874,train,0.7408455,1098
1088,-0.561072185287783,train,-0.39094436,1099
1089,1.0760376438511567,train,0.7275484,1100
1090,1.040482452976164,train,0.7212187,1101
1091,0.7210852550257715,test,0.7118619,1102
1092,-0.2593212306908427,test,-0.31761858,1103
1093,1.2415005636588248,test,1.6384481,1104
1094,1.6774284865814684,train,1.5367649,1105
1095,1.1381797349855087,train,1.3459691,1106
1096,1.0499737234929307,train,0.94894713,1107
1097,0.844121191813572,train,0.40084016,1108
1098,0.6882034082983071,train,0.34042388,1109
1099,0.81508459089094,train,0.6126167,1110
1100,-0.02241905906474877,train,0.21499695,1111
1101,-0.14595962677281857,train,0.060462132,1112
1102,0.18220502933342791,train,0.25323817,1113
1103,0.49950166800446755,test,0.50086546,1114
1104,-0.18170094629457106,train,-0.397837,1115
1105,-0.0962448629773271,test,-0.27038482,1116
1106,0.6358331896150957,test,1.0539334,1117
1107,1.1667852691463318,train,1.1357031,1118
1108,0.8769587939829784,test,0.9540489,1119
1109,-0.0570877040946578,train,0.14507344,1120
1110,0.004322157069948523,train,0.029810337,1121
1111,0.27696920717872875,test,-0.16562,1122
1112,0.07793763338223782,train,-0.10223128,1123
1113,0.3305880758306511,train,0.95039976,1124
1114,0.4232169864979191,train,1.0178914,1125
1115,0.05935802707126797,test,0.27729684,1126
1116,-0.07562856035219954,test,0.2050942,1127
1117,0.5777262240380452,train,0.6516655,1128
1118,0.006578175065718823,train,-0.33346418,1129
1119,0.1482249009041416,train,0.058773138,1130
1120,0.34935038112958955,train,0.42420733,1131
1121,1.0529116692089528,train,0.92895746,1132
1122,-0.17593334510152456,train,-0.022125036,1133
1123,-0.1304891112529105,train,-0.07326816,1134
1124,-0.3452989963448182,test,0.2292427,1135
1125,-0.24975685649976237,test,0.3596191,1136
1126,0.667832678538351,train,0.5536433,1137
1127,0.16718095516568351,train,0.75233,1138
1128,-0.4584213052323451,train,-0.7452689,1139
1129,-0.5412691337053097,train,-0.62114614,1140
1130,-0.24445970966797553,train,-0.18732505,1141
1131,-0.08642367410173674,train,-0.17191228,1142
1132,-0.23642269664080637,test,-0.7495201,1143
1133,-0.226490175004118,train,-0.04138131,1144
1134,0.11625555371384916,train,-0.15461205,1145
1135,-0.11956099861320393,train,-0.15089189,1146
1136,0.41437770190108336,train,-0.06976109,1147
1137,-0.3145768226339466,train,-0.17253597,1148
1138,0.3275630650306871,test,0.5455083,1149
1139,0.22398527232440052,test,0.821821,1150
1140,0.20999304818312658,test,0.8791071,1151
1141,0.4923183849595095,train,0.85471743,1152
1142,0.2268249535250667,train,0.0004232172,1153
1143,0.10153291260933839,test,-0.026109058,1154
1144,-0.6178062765844314,train,-0.63664037,1155
1145,0.06271072576898866,test,0.5165083,1156
1146,1.7832820430100704,test,0.93769616,1157
1147,1.382720468721264,train,1.2081941,1158
1148,1.8175731665669597,train,1.2556502,1159
1149,1.0808399628392225,test,1.2824924,1160
1150,0.15204158802649317,test,0.16013041,1161
1151,-0.20484338487182302,train,0.17255531,1162
1152,0.4279246855150824,train,0.3360098,1163
1153,1.3240565817985768,train,1.2124312,1164
1154,1.1597183267124649,train,1.2435707,1165
1155,1.4181948417171142,test,1.2436566,1166
1156,-0.1705505552515972,train,-0.20319177,1167
1157,0.1268156594014362,test,0.24158652,1168
1158,0.5632664235694809,train,0.027669856,1169
1159,0.41407509655367447,test,0.6131423,1170
1160,0.8084780456968957,train,0.88861287,1171
1161,1.0601507105495167,train,0.7009278,1172
1162,0.31398612012010013,train,0.65294677,1173
1163,0.5701177534565769,train,0.4982737,1174
1164,1.3505708247617945,train,1.4495819,1175
1165,1.6886718176551434,test,2.1188169,1176
1166,0.08359999032514208,train,0.34130245,1177
1167,0.599341815116549,test,1.3787663,1178
1168,0.5956452990953703,train,0.73478144,1179
1169,0.4106794753049841,train,0.6396286,1180
1170,0.9042738994938074,train,0.46282485,1181
1171,0.3971128932376599,train,0.4907098,1182
1172,0.30459180431359895,train,0.6536412,1183
1173,1.1027787314937199,train,1.0741258,1184
1174,0.9182744022241088,train,1.3022043,1185
1175,0.8332972008126319,train,1.0839975,1186
1176,0.4707542140553654,train,0.41434023,1188
1177,0.22380983950345343,train,0.37857476,1189
1178,-0.517689589664061,test,-0.03458617,1190
1179,0.39254912848399076,train,0.6078106,1191
1180,0.5026116084780471,train,0.7811286,1192
1181,0.8903315612462908,test,1.0353532,1193
1182,0.7562358043506956,train,0.6354103,1194
1183,0.3019690254554207,train,0.30659252,1195
1184,0.20644378245494543,train,0.3469637,1196
1185,0.8845412144651318,train,0.7469778,1197
1186,0.8274907645914062,train,0.8835444,1198
1187,0.5322261868559247,train,0.7132733,1199
1188,0.5519681826526642,train,0.56335115,1200
1189,0.4377727196308095,test,0.543291,1201
1190,0.9119220093589531,test,1.0447551,1202
1191,0.7399287866865734,train,1.2383043,1203
1192,1.6643877326000374,train,1.0340372,1204
1193,1.4508298384896412,train,1.0354544,1205
1194,0.8720873478094435,train,0.5231262,1206
1195,1.2094915228735508,train,1.1423155,1207
1196,-0.4435161769888792,train,-0.52824134,1208
1197,0.700166420338401,train,0.7065672,1209
1198,-0.07483753958549373,train,-0.22116932,1210
1199,1.5786918476733733,train,1.6907228,1211
1200,1.798919925385333,train,1.6837257,1212
1201,1.7128944952372531,train,1.3602866,1213
1202,1.1801441239704902,train,0.56056947,1214
1203,0.7083054985210416,train,0.57277226,1215
1204,1.0358536745546019,train,0.6656978,1216
1205,0.07434074260340366,test,0.25042182,1217
1206,-0.20346630390116685,train,0.051944084,1218
1207,-0.015787733843181457,train,0.2262359,1219
1208,0.3419338942748574,train,0.31661695,1220
1209,0.440003989133967,train,0.5814943,1221
1210,-0.46181388741918633,train,-0.50300914,1222
1211,-0.23789763038505657,test,-0.09048152,1223
1212,0.9332348279492213,train,0.97285646,1224
1213,1.788130164384257,train,1.7059832,1225
1214,2.7064779604056928,train,1.8082964,1226
1215,0.25102853418725196,train,0.1701414,1227
1216,0.008916775366323517,test,0.12450413,1228
1217,0.3522732450490145,test,0.97785294,1229
1218,0.4072210135641688,train,1.0418323,1230
1219,0.32223236254805304,train,0.20182097,1231
1220,0.03644045326750139,train,-0.05526022,1232
1221,1.0899240713113238,train,0.5151548,1233
1222,0.11715230139021922,train,0.2304867,1234
1223,-0.030110257103594367,train,-0.19296606,1235
1224,0.060787048256855436,train,0.1514898,1236
1225,0.20038291614716447,train,0.28048214,1237
1226,1.4317949763586555,test,1.123887,1238
1227,-0.5243089528342226,train,-0.25939068,1239
1228,-0.18556649535857844,test,-0.3685961,1240
1229,-0.3657331372004927,train,-0.22101235,1241
1230,-0.27918116679248106,train,-0.16747153,1242
1231,1.0314353465632493,test,1.0602549,1243
1232,0.7713672510530779,train,0.8011425,1244
1233,1.3239948422777832,train,1.042773,1245
1234,1.4235529411635868,train,1.0151275,1246
1235,-0.42523915680719837,train,-0.6168228,1247
1236,0.05724167091839422,test,-0.15462467,1248
1237,0.46307703360135527,train,0.3276196,1249
1238,0.10239993824350352,train,-0.03233996,1250
1239,-0.008094611705279952,train,-0.041505493,1251
1240,-0.12413279940663204,test,0.1945035,1252
1241,0.20343521274889476,train,-0.121762216,1253
1242,0.0006105193068058481,train,-0.10838064,1254
1243,-0.22140160320087732,train,-0.105802245,1255
1244,-0.614800316278397,train,-0.3816586,1256
1245,0.6704187344613226,test,0.579169,1257
1246,0.6388333320052642,train,1.1535292,1258
1247,0.7601669944864191,train,1.1221914,1259
1248,1.5197804339572552,train,1.4010297,1260
1249,1.455185417957099,train,1.4021214,1261
1250,-0.03697993677236432,train,0.018649647,1262
1251,-0.1441284394792724,train,-0.23562084,1263
1252,-0.09921445936505868,test,0.04387621,1264
1253,-0.5879020241000242,train,-0.45445457,1265
1254,-0.11470173746604129,train,0.20187835,1266
1255,1.0701075243382574,train,0.8514173,1267
1256,0.9500980027726835,train,1.1696284,1268
1257,0.8854498605916454,train,1.1878381,1269
1258,1.6272247018714896,train,1.189549,1270
1259,0.180755651222623,test,0.04283961,1271
1260,-0.12464161011273754,train,0.07678064,1272
1261,0.37813977360769097,train,0.42427856,1273
1262,1.0904963451373182,train,0.9882952,1274
1263,1.0320275387725484,train,1.1079254,1275
1264,1.1408688308442043,train,1.2746978,1276
1265,-0.27478084941608355,train,-0.15689285,1277
1266,0.041379987247797775,train,0.17001255,1278
1267,0.9454108563325769,train,0.26613128,1279
1268,0.6963081645449399,train,0.9591797,1280
1269,1.3344248941983659,train,1.1398809,1281
1270,1.2490120752757234,train,1.0479002,1282
1271,-0.03846647026708799,train,0.29819936,1283
1272,0.715970460308304,train,0.85387677,1284
1273,0.8222261332745798,train,0.65731233,1285
1274,1.880704576019832,train,1.3821291,1286
1275,2.5585786185541615,train,2.325907,1287
1276,-0.01131503947621465,test,0.3690952,1288
1277,1.5356627386117059,train,1.6804538,1289
1278,1.1207410857140907,train,1.0488319,1290
1279,0.8119427844424674,train,0.99564373,1291
1280,0.7766133170053378,train,0.70616794,1292
1281,0.36830618817758487,test,0.75361943,1293
1282,0.775449371260251,test,0.7208589,1294
1283,1.4980193541953528,train,1.311802,1295
1284,1.7275327732977301,test,1.3708354,1296
1285,0.5177777416039038,train,0.75658727,1297
1286,1.6389962345613789,train,1.3538663,1299
1287,1.6069385982841191,train,1.3967116,1300
1288,-0.13493820334973955,train,0.28420377,1301
1289,0.7855679669207359,test,0.82443863,1302
1290,0.8936553401800367,train,1.1165475,1303
1291,0.42522956262715605,train,0.6560505,1304
1292,0.49212964570235734,test,0.7391177,1305
1293,0.6331100571988556,train,0.6009436,1306
1294,0.5579497393785863,train,0.6471228,1307
1295,0.5185016893829759,test,0.58953154,1308
1296,1.4900492114482562,test,0.97412837,1309
1297,0.6736855437926234,train,0.622299,1310
1298,0.12120383155801714,train,0.6155054,1311
1299,0.6947193782657005,train,0.96836996,1312
1300,0.16083148831265695,train,0.5403028,1313
1301,1.4055496888053356,train,1.357815,1314
1302,0.7982962882167056,train,1.3928629,1315
1303,1.3652180055125465,train,1.3373017,1316
1304,1.4831715737864912,train,1.3510715,1317
1305,0.9237715998791224,train,0.47308946,1318
1306,1.6354951217937366,train,1.4047707,1319
1307,1.1011800102059466,test,1.412683,1320
1308,-0.19920055879787113,test,-0.57059544,1321
1309,0.606991819481362,train,0.565817,1322
1310,0.5077021285815837,test,0.54860795,1323
1311,0.6490531002525473,train,0.58679545,1324
1312,-0.1499130235279584,test,0.41102892,1325
1313,1.5475178545882622,train,1.6110319,1326
1314,1.8263854815087999,train,1.626234,1327
1315,1.1614327054212983,train,1.3692437,1328
1316,2.1703642329455306,train,1.5848294,1329
1317,2.097137753056324,test,0.45146403,1330
1318,0.9614810816479783,test,0.5197741,1331
1319,1.2189250084076164,train,0.6229332,1332
1320,0.2828721602476894,test,0.35829645,1333
1321,-0.16102072086794872,train,0.23985286,1334
1322,-0.1100274856995656,train,0.22229505,1335
1323,1.2054357460683296,test,0.8389857,1336
1324,0.2138515419784656,train,0.4206686,1337
1325,0.39301477207996954,test,0.49593577,1338
1326,-0.630295480075546,test,-0.081998795,1339
1327,-0.5437054625222657,train,-0.3624879,1340
1328,1.233176624828428,test,0.93855554,1341
1329,2.012599280178873,test,1.3186746,1342
1330,2.9542222261184934,test,1.3530794,1343
1331,1.5800751169410723,test,1.4132379,1344
1332,0.13394623715786716,train,0.0495734,1345
1333,-0.06815488267140078,test,-0.027783243,1346
