file,"dielectric constant, electronic",split,Predicted
1,-1.6072585042017384,train,-1.6100684
2,-1.3042353060059337,train,-1.4104396
3,-1.800243683831961,train,-1.8420193
4,-1.8863197720868143,train,-1.9171413
5,-1.762768577242048,train,-1.799485
6,-1.873485874269467,train,-1.8279572
7,-1.7122513642718644,train,-1.7580286
8,-1.642925870583491,train,-1.6176618
9,-2.406029960391278,train,-2.3848364
10,-2.583552902390972,train,-2.7123086
11,-2.1271856606751887,test,-2.2470112
12,-2.3653522246048717,train,-2.3820474
13,-1.971444347839567,train,-2.3369157
14,-1.9409998252556906,train,-2.0706017
15,-1.7665791190788962,train,-1.8125561
16,-1.9042903405992584,train,-1.876944
17,-1.9957548904061324,train,-1.970164
18,-2.3072698938846536,train,-2.3358064
19,-2.6688220688358673,train,-2.6611032
20,-2.2600902324825385,train,-2.3338032
21,-1.955967243912939,train,-1.9541712
22,-2.1587893905671116,train,-2.1523757
23,-1.9264516160087495,train,-2.21065
24,-2.0518518856650205,test,-2.0099647
25,-1.847946625217375,train,-2.0545616
26,-2.4410851882439264,train,-2.25806
27,-1.9769582412729017,train,-2.2059975
28,-2.1946039522164247,train,-2.221595
29,-1.838291194921851,train,-1.8852863
30,-2.1167570731208647,test,-2.1789913
31,-1.7275397995405932,train,-1.6300517
32,-1.8805254746490652,test,-1.4047741
33,-1.9947699935913588,test,-1.8128575
34,-2.0969167865449965,train,-1.9254951
35,-2.16985232703804,train,-1.9402926
36,-1.5114690982796644,train,-1.5682262
37,-1.5231943150988565,train,-1.557062
38,-1.4646233933141837,train,-1.5051808
39,-1.4183273725945953,train,-1.460234
40,-1.3902274529826766,train,-1.3992574
41,-1.634886740438457,train,-1.6072174
42,-1.1392965809016475,train,-1.155538
43,-1.2326116921401273,train,-1.2381612
44,-1.7435895264464194,test,-1.433669
45,-1.7009216790059827,test,-1.4832785
46,-1.5302121203089623,train,-1.4167838
47,-2.198632345606002,train,-2.1080182
48,-1.2633550325436786,train,-1.248918
49,-1.1597086122428464,test,-1.176417
50,-0.9820375703501873,test,-1.2847672
51,-0.7367791939786994,train,-0.7799175
52,-1.4605311820132314,test,-1.7173781
53,-1.0753421977134077,train,-1.1266665
54,-1.1122536180604943,train,-1.140752
55,-1.0889339032354595,test,-1.0635676
56,-1.0491582931684216,train,-1.0798099
57,-1.256541031421729,test,-1.0585738
58,-1.0528876575897472,train,-1.1390214
60,-3.132744426885647,test,-2.9426656
61,-2.8982288507577985,train,-2.9903295
62,-0.8026856760267749,train,-0.86368495
63,-1.3011193427741943,train,-1.2893877
64,-0.8195649207480137,train,-0.9108672
65,-1.209474708172566,test,-1.1842135
66,-0.9940431158866503,train,-1.0951232
67,-1.25397451974021,test,-1.2644261
68,-0.9687336149335339,train,-1.0704662
69,-1.3522980883400515,train,-1.2872208
70,-1.322365378899721,train,-1.3861613
71,-0.9633905080231195,train,-1.0029546
72,-2.3293365805499384,test,-2.2588902
73,-2.2364376626442724,train,-2.1160378
74,-2.556320188172477,train,-2.4849641
75,-5.199337582605575,train,-4.1635075
76,-2.472585076570533,train,-2.4767003
77,-2.874874494835925,train,-2.9084198
78,-2.748585970048166,test,-2.3262653
79,-1.7870388365361296,train,-1.8816148
80,-1.5369325361208421,test,-1.6097236
81,-1.7251129623919463,train,-1.9012301
82,-1.4340310877526479,train,-1.6808257
83,-2.0191064469052433,test,-2.0428586
84,-1.8316626963302145,train,-1.959162
85,-2.512007008506034,train,-2.5396633
86,-1.674144666203748,train,-1.543665
87,-1.6641767263397065,train,-1.7378098
88,-1.6576319710948182,test,-1.7314433
89,-1.7517943793788016,train,-1.8816773
90,-2.0332951111295294,train,-2.3245645
91,-2.27555132271687,train,-2.3904877
92,-0.9157668271900793,train,-0.9219937
93,-0.8893945942481568,train,-0.92916054
94,-1.360079386741761,train,-1.3848909
95,-1.0245473845008566,train,-1.1804434
96,-1.0738161389452292,train,-1.1401614
97,-0.9578464151039295,train,-1.0637727
98,-0.466744911208825,test,-0.49619004
99,-0.34031797993916846,train,-0.34502125
100,-0.7548446143214407,train,-0.7161562
101,-0.6425102294443551,train,-0.6875315
102,-0.6120965316179539,train,-0.55925995
103,-1.0957748766710798,test,-1.2003924
104,-0.18276195991682648,train,-0.08435051
105,-0.6906448582477333,train,-0.75634503
106,-0.4393985048858507,train,-0.45032716
107,-1.1025628174879594,train,-1.0809181
108,-1.132019710076472,train,-1.1610173
109,-1.1209978184309564,test,-1.1072642
110,-0.9704499751113251,train,-0.9435503
111,-0.7752703509488339,test,-0.7397441
112,-0.6704367582368076,train,-0.64427805
113,-0.5478350954460721,train,-0.599503
114,-1.3527043035439223,train,-1.2352519
115,-1.0236726038766157,test,-1.555807
116,-0.809135070863202,train,-1.0808035
117,-1.4733026427516496,test,-1.1407889
118,-0.8020267832705341,train,-0.7402968
119,-1.3151507560598774,train,-1.2934185
120,-1.3918729382812343,train,-1.3893573
121,-2.0749489466921904,train,-1.9328752
122,-0.8277074349665392,train,-0.8042706
123,-0.8377521206809319,train,-0.79727024
124,-0.7040298027571756,train,-0.723409
125,-1.3372011016693077,test,-1.3788608
126,-1.8061332566109174,train,-1.7478075
127,-1.0812903266156015,train,-1.1149532
128,-0.9797266934711727,train,-0.9662955
129,-0.9273708108852317,train,-1.0604151
130,-0.5967942580932423,test,-0.5639564
131,-0.5734438945902555,train,-0.6194035
132,-0.6149567247921544,train,-0.59300566
133,-0.5699300008154075,train,-0.39640328
134,-0.4500777330053815,train,-0.41238523
135,-0.720123803163463,train,-0.6036201
136,-0.7234302171205814,train,-0.59927684
137,-0.541982300198434,test,-0.5742904
138,-0.45409233220906137,train,-0.40859905
139,-0.46329042295417666,train,-0.498794
140,-0.4701832160014553,train,-0.44438612
141,-0.6988892026479355,train,-0.68095016
142,0.21106976491595733,test,0.47386828
143,-0.4440603366108842,train,-0.43241787
144,-0.5005850528391712,train,-0.53148466
145,-0.15458948036998962,train,-0.13563389
146,-0.3453571232032874,train,-0.46174097
147,-0.3362704537081237,train,-0.2796623
148,-0.25992165814622814,train,-0.2157208
149,-0.3081897276147609,test,-0.12237024
150,0.5525031436524519,train,0.531387
151,0.06423848151194199,train,0.18334833
152,0.034439538375441774,train,0.025075307
153,0.14079557383796856,train,0.25324988
154,0.040975859242537084,train,0.085241154
155,0.11511615865619731,train,0.13815734
156,0.05046594888615121,train,0.091669075
157,-0.10159486456954561,test,-0.26390824
158,-0.0920262561860192,test,-0.07153046
160,-1.2908586535852082,train,-1.2730182
161,-1.330223744311266,test,-1.7703174
162,-1.6297790261019691,train,-1.6545368
163,0.45840539971881433,train,0.44794604
164,0.05476476454185774,train,0.095208526
165,0.46106169397170116,train,0.52779037
166,0.047571603573981214,test,0.13430278
167,-0.15723397056564695,train,-0.19038752
168,-0.18617686645764328,train,-0.20976429
169,0.026026271946619974,train,0.12458004
170,-0.13106494595497292,train,-0.10134852
171,0.12749962301511963,test,0.23142913
172,0.007241553063418673,train,-0.00022535026
173,-0.21611941587960926,test,-0.37499192
174,0.1965920082719266,train,0.13394324
175,-0.929903346615571,train,-0.94228446
176,-0.8735150946147053,train,-0.7291138
177,-1.0151198913616444,test,-0.79052633
178,-1.1102716161595607,test,-1.0463246
179,-1.0923073000160577,train,-1.3821595
180,-1.5165758035584984,train,-1.5227183
181,-1.5058577433804545,train,-1.4848968
182,-1.1785541879315067,train,-1.0396625
183,-0.4584011224208548,train,-0.50841254
184,-0.5048653487442606,train,-0.47092608
185,-0.5089168553138804,train,-0.4618033
186,-0.39380616286639175,train,-0.4538762
187,-0.8814806991922937,test,-0.848537
188,-0.752215774069125,train,-0.71295184
189,-0.7251119556238599,train,-0.6722303
190,-0.6395011222946773,train,-0.59382415
191,-0.6547490206023459,train,-0.6426529
192,-0.6611618742897375,train,-0.6373194
193,-0.5454769753774663,train,-0.42201006
194,-0.4024071532886359,train,-0.3004006
195,-1.1404649850019482,test,-0.8747882
196,-1.2257035661532387,train,-1.1959732
197,-0.48162357365227826,train,-0.48067483
198,-0.40461229778631275,train,-0.3515526
199,-0.5264126998191755,test,-0.41815272
200,-0.26345740564972175,train,-0.2927535
201,-0.25758599519383557,test,-0.2312476
202,-0.24972140621486752,test,-0.4064594
203,0.26188910533838733,train,0.2263452
204,0.27790931739383223,train,0.3963585
205,-0.0743131587486038,train,-0.052935902
206,-0.009121933440950317,train,-0.030263271
207,0.16177550396108076,train,0.17553653
208,-0.26531442388306437,train,-0.24825403
209,0.33403368493727464,train,0.35553792
210,-0.03867906522872507,train,-0.027787223
211,-0.05225422251354992,test,0.13320218
212,0.15962489555879897,test,0.3346179
213,-0.2921471236073764,test,-0.40299195
214,-0.37559098083850295,train,-0.3636724
215,-0.31329091133126485,train,-0.2890551
216,-0.27936608760663156,train,-0.27661875
217,-0.0614332726487706,train,-0.109960616
218,-0.16530059751057716,train,-0.21437009
219,0.03665282051245383,train,0.015171237
220,-0.4170045528291478,train,-0.37772742
221,-0.5277042837574776,test,-0.6189732
222,-0.6098576369483729,train,-0.49406376
223,-0.16740279155787133,test,-0.5320548
224,-0.5999365109266501,test,-0.44360456
225,-0.5124392259835393,train,-0.60145265
226,-0.13338438374839964,train,-0.1646281
227,-0.5034243291720177,train,-0.4924179
228,-0.4836413291235104,train,-0.40683967
229,-0.9235517363478346,train,-0.9191304
230,-0.21307320461407128,train,-0.07336359
231,-0.17837641539677435,train,-0.14786139
232,-0.14815485993865013,train,-0.10848689
233,-0.14438647414243136,train,-0.09427163
234,-0.543708460283664,test,-0.54680496
235,-0.49206861124322737,train,-0.50622743
236,-0.5155329954384268,test,-0.29804856
237,-0.29837753859774335,train,-0.2750315
238,-0.2674813593299053,train,-0.342221
239,0.05313728930250825,train,0.10852699
240,0.05940680995447815,test,-0.08629209
241,0.028214946206627234,train,0.020048752
242,0.15661054799035765,test,0.066724196
243,0.11423171620995248,test,0.26080802
244,0.09918924678421377,train,0.15079923
245,-0.04878152321269631,train,0.014506764
246,-0.07548975005540502,test,0.036092464
247,-0.07861967497613498,test,0.044441476
248,0.028902616431306056,train,0.0075512864
249,-0.0032694185993154233,train,0.028096616
250,0.16276409945482248,test,0.21968807
251,0.08402299177402302,train,0.12246789
252,0.1331911727781535,train,0.1741989
253,-0.2560964043550345,train,-0.17194079
254,0.848602043621476,train,0.92694056
255,0.7795844740267296,train,0.8547171
256,0.31217751435509045,train,0.43363917
257,0.20055655455893315,test,0.24511196
258,0.4890491147798311,train,0.57439625
259,0.3986672087075632,train,0.45043096
260,0.27322144603527104,train,0.34417814
261,0.38222128293637414,train,0.3832891
262,0.30599133492274544,test,0.35512057
263,1.269851515743467,train,1.208998
264,0.9731580949897426,test,1.0974836
265,0.9794519110809017,train,1.045399
266,1.052919040021747,train,1.0866643
267,0.7333847003123529,train,0.79077274
268,0.6360381569067138,test,0.94012034
269,0.7948154469067191,train,0.85144925
270,0.5968438996399614,train,0.5317491
271,0.5547697551769789,train,0.6806395
273,-0.43265406388439087,train,-0.45305872
274,-0.493289593433467,test,-0.76011956
275,-0.7453301329085322,train,-0.79023856
276,1.1085235213802997,train,1.1828651
277,1.2067896318824611,train,1.1645129
278,0.6908612796254542,train,0.7559104
279,0.5291874017641931,test,0.52482086
280,0.4249728040021762,train,0.41733775
281,0.7561268721891755,test,0.8052525
282,0.804967927124355,train,0.8626689
283,0.4670888423227796,train,0.505788
284,0.8790636193862736,train,0.9281877
285,0.7220723291635617,train,0.7641938
286,0.8861383468391135,test,0.84511375
287,0.4272776510029269,train,0.4430881
288,0.5733129624454036,train,0.5610502
289,0.4521148637442852,train,0.42981368
290,0.45004411918207676,test,0.46887824
291,-0.2188448167199539,train,-0.06753388
292,-0.24972140621486752,train,-0.18960564
293,-0.40881117949918466,test,-0.3668961
294,-0.413593419850708,train,-0.37200102
295,-0.33484749366724925,test,-0.4902775
296,-0.5225765619172965,train,-0.48922834
297,-0.5639524845420143,train,-0.5388968
298,-0.23915709421061745,train,-0.17507909
299,-0.4153757417932047,train,-0.33794072
300,0.22807954684829623,test,0.21441878
301,0.24691976269417718,test,0.24960712
302,0.19571138502498042,test,0.12443271
303,0.28875602074865236,train,0.3099305
304,-0.19903309360208157,train,-0.18354818
305,-0.060603091142966796,train,-0.024739474
306,-0.021467454481735176,train,0.016770095
307,0.19231933265989248,test,0.15369931
308,0.03780212908681762,train,0.09504862
309,0.04203779699985654,train,0.092244655
310,-0.005322480935241397,test,-0.00248852
311,-0.2954841678387684,train,-0.26450312
312,0.24972140621486738,test,0.3263601
313,0.21397336098391612,test,0.12610915
314,-0.3001150281596264,train,-0.19270226
315,-0.31664948506176205,train,-0.2994542
316,0.07656548027129234,test,0.04538779
317,0.1438162460725757,train,0.076559365
318,-0.0006839766375589202,train,-0.020046338
319,0.10994330844562936,train,0.060731184
320,0.2592067149841181,test,0.15657127
321,0.25231085193165653,train,0.22159085
322,0.29400224125844415,train,0.32129416
323,0.3170510611771403,train,0.34820476
324,1.2998805340332718,train,1.2334747
325,1.1539813851033083,train,1.160319
326,0.718174567963699,test,0.7469172
327,0.8172039201370023,train,0.84715694
328,0.9532801370872973,train,0.9871949
329,0.7631324370201312,train,0.79194903
330,0.6239687765690891,train,0.6302938
331,1.006127440896824,train,1.0406882
332,0.8209479996348665,train,0.8157725
333,0.7953966292512106,train,0.8378185
334,0.8813161308801746,train,0.93632495
335,0.5879207883085646,test,0.8378269
336,0.3620392121528865,train,0.39894918
337,0.44452075962742466,train,0.46438432
338,0.48307556157037645,train,0.5319244
339,0.7409660988187278,train,0.8092123
340,0.5425380347967228,train,0.5663566
341,0.8266977298382983,train,0.666942
342,0.41304358437173644,train,0.43585324
343,0.18356296086763893,test,0.27582088
344,0.0222319650281703,train,0.23752367
345,0.23482585320046548,train,0.2234256
346,0.14667374780526468,test,0.07045098
347,0.6037776286103268,train,0.5488172
348,0.23049850364448432,test,0.21747246
349,0.23458136817902853,train,0.22554453
350,0.2709354982020918,test,0.2158121
351,-0.15892514565385582,train,-0.17073682
352,0.4851270820681309,train,0.52119267
353,0.6093820177445397,train,0.5961454
354,0.6585237507140177,test,0.6947261
355,0.6368623694128662,test,0.6956006
356,0.3045997448360504,test,0.31919292
357,0.3141121287164007,test,0.17265977
358,0.3080086110360959,test,0.2577944
359,0.33078471829434986,train,0.30017242
360,0.45570593496202044,train,0.4230849
361,0.43348072509066576,train,0.45438012
362,0.9148683291097489,test,0.9024484
363,0.9211023797749475,train,0.8293443
364,0.8948281029228149,train,0.9437036
365,1.048802558516456,test,1.1311525
366,0.8122110312248925,train,0.86325324
367,0.8554982236604651,test,0.95260024
368,0.46135827529452506,train,0.43581307
369,0.7708557829595372,test,0.7419019
370,0.8741278166056097,train,0.89358073
371,0.8378681338276821,train,0.877149
372,0.9980516663656939,train,1.064656
373,0.8641649389863121,train,0.7728097
374,0.8906021140556689,test,0.85811204
375,0.6179377677181279,test,0.96164924
376,1.9428993343601832,train,1.8798871
377,1.9010617284078661,train,2.0670342
378,1.3275648888329414,test,1.4356525
379,1.0653157039883965,train,1.0999798
380,1.4161209343447836,train,1.5633279
381,1.4182953776311706,test,1.9555815
382,1.1636633228599433,train,1.1770273
383,1.350739817907775,train,1.3457973
384,1.1744444113652626,test,0.9731239
385,2.1610019873333326,train,2.091885
386,2.289438131621623,test,2.347086
387,2.2232424627643894,train,2.274287
388,2.4287076648867556,train,2.283428
389,1.9929190112563682,train,1.858122
390,1.5372777066773649,train,1.7345202
391,2.1380755490263574,train,2.1108544
392,1.685227269803995,train,1.5575056
393,1.7278007575274477,train,1.7268538
395,0.3844298331153802,test,0.40935814
396,-0.039505366742875345,train,-0.028866384
397,2.2262365409151434,train,2.2474315
398,2.001341615015166,train,2.0194788
399,2.492983740308935,test,2.2677023
400,1.7697706232493227,train,1.741006
401,1.4392562493768175,train,1.4593562
402,1.4328708717473166,train,1.4003005
403,2.0339478319008335,test,2.0266316
404,1.9268439178814551,train,1.94295
405,1.3990098861356286,train,1.4484407
406,2.0645903404726536,train,2.0054271
407,1.8816292532030698,train,1.877057
408,1.3096569438758714,train,1.2530782
409,1.2367038594650164,train,1.2074152
410,1.2521287682022268,train,1.2270899
411,0.5701077523123733,train,0.5889113
412,0.5303396505824453,train,0.63810414
413,0.29071750410673863,train,0.3544047
414,0.4252278309223787,train,0.49822485
415,0.2576851817161522,test,0.21673222
416,0.4100293310515647,test,0.58037925
417,0.3123911985501616,train,0.37572455
418,0.505184379495949,test,0.73015743
419,0.3516863573441951,train,0.40467957
420,1.155551862754686,test,1.0250916
421,1.1786959410683284,train,1.2335944
422,1.2431499916023525,train,1.1372899
423,1.199789828283282,train,1.166138
424,0.6946432481878717,train,0.6412367
425,0.7745228223499516,test,0.77339166
426,0.9070297863828359,train,0.9384129
427,1.0549564862908622,test,1.0260946
428,0.5855758805140823,train,0.65620357
429,0.7269010294819331,train,0.74957675
430,0.49213682280838095,test,0.61177385
431,1.0700497408301062,train,1.0598351
432,0.8922150529103836,test,0.82942617
433,0.5728446678030389,test,0.67569363
434,0.5437891346358885,train,0.5902422
435,0.9092303870498775,train,0.97381395
436,0.9126050360602246,train,0.92182297
437,0.9155704605271396,train,0.8725311
438,0.8985457993992422,test,0.7349764
439,0.8999568507220659,train,0.84186745
440,1.0130800424070365,test,0.95017624
441,0.8602744333145791,train,0.83875614
442,0.9894782182937507,train,1.0026238
443,-0.9868582786441218,test,-1.1472919
444,-0.8227606445957557,train,-0.89659494
445,-1.0381811686479583,train,-1.0230017
446,-1.2281298312051905,train,-1.2334684
447,-1.1004878185681455,train,-1.1346661
448,-1.0062105166453408,train,-0.97228235
449,-0.8240621147664176,train,-0.83949584
450,-1.0878055401309603,train,-1.1085861
451,-1.001885679221551,train,-0.98952574
452,-0.863710371447185,test,-0.80218357
453,-1.4394290315168559,train,-1.3995126
454,-1.6146227328327059,train,-1.5206065
455,-1.2369672611979539,train,-1.3969511
456,-1.4760652593238757,test,-1.2816218
457,-1.2457281473248663,train,-1.3301964
458,-1.2699613821653708,train,-1.2720116
459,-1.2064727589422293,train,-1.2261528
460,-0.9922403981773626,train,-1.0310267
461,-1.1494699511913646,train,-1.2149639
462,-1.0400054648082622,train,-1.1429139
463,-1.2872558396961682,train,-1.2620257
464,-1.8145811755894277,train,-1.7929335
465,-1.8580676748991654,train,-1.870789
466,-1.4867716625234686,test,-1.7162813
467,-1.5547192423333867,test,-1.6245648
468,-1.4225434168010536,train,-1.4608943
469,-1.1069913248920256,test,-1.3267012
470,-1.5040958849461519,train,-1.5842243
471,-1.4042504973488938,train,-1.4645842
472,-1.2013667988124017,train,-1.3328395
473,-1.279989573392375,train,-1.3604082
474,-1.4927797927934456,train,-1.4018381
475,-1.1642768900102722,train,-1.1721641
476,-1.5401354697488845,test,-1.1000627
477,-0.8777081280273358,train,-0.91675395
478,-0.836944549246951,train,-0.8283153
479,-0.9765380197896882,train,-0.9586527
480,-1.0062105166453408,train,-1.0054556
481,-1.1847508736202614,train,-1.1570141
482,-1.2479534091375244,train,-1.2128487
483,-1.2816704892432618,train,-1.2705208
484,-1.445489595394408,test,-1.0678586
485,-0.9633905080231195,train,-0.9951008
486,-0.7881654641357958,test,-0.9492523
487,-0.7893515037049574,train,-0.817041
488,-0.7875522205164058,train,-0.863979
489,-0.7671416560959067,train,-0.88062376
490,-0.728225497176866,test,-0.8396451
491,-0.683990083821864,test,-0.7846333
492,-0.5371734817429112,train,-0.6304773
493,-0.7742648492212824,train,-0.7487466
494,-0.7511504039101774,train,-0.69228524
495,-0.8870611730970686,test,-0.76805145
496,-0.7677861757364489,train,-0.6702893
497,-1.3832152485422267,train,-1.4799252
498,-0.6803721971649549,test,-0.9192214
499,-0.4575835598927111,test,-0.7082134
500,-0.3538403811033661,train,-0.34952116
501,-0.43463137027013027,train,-0.5312692
502,-0.6772027999690204,test,-0.97732455
503,-0.4793946279301807,train,-0.5403563
504,-0.5315992582720553,train,-0.5062147
505,-0.6305140071367831,train,-0.739536
507,-2.068965703456733,train,-2.157008
508,-0.5177122023918969,train,-0.532394
509,-0.6483898704182283,train,-0.6903872
510,-0.5551778964237235,train,-0.5949943
511,-0.5566224252498184,train,-0.6283043
512,-0.3422230422813045,test,-0.24241328
513,-0.6271963576001219,train,-0.6772828
514,-0.6040237640953048,train,-0.6797202
515,-0.6210989280340984,train,-0.71641064
516,-0.5920729544473868,train,-0.6247308
517,-0.7624783145392258,train,-0.8915914
518,-0.5906082306221023,train,-0.6321038
519,-1.6181055226476084,test,-1.4611766
520,-1.369868218498087,test,-1.3437685
521,-1.6882842704619039,train,-1.6012942
522,-1.3643043634424976,train,-1.367897
523,-1.5860633163728763,train,-1.5923928
524,-1.917544098053106,train,-1.6779708
525,-1.5650893352779913,train,-1.5712589
526,-1.121357974813623,train,-1.1639719
527,-1.0446033259315721,train,-1.0375526
528,-0.8444148971620452,test,-0.95653415
529,-0.7692969560615116,train,-1.106814
530,-1.1928780957937097,train,-1.2746227
531,-1.2153720472997755,train,-1.279107
532,-1.5802437301617789,train,-1.622114
533,-0.8735150946147053,train,-0.89569646
534,-0.9314435070893947,train,-0.8540969
535,-0.9064329812595809,test,-0.9116773
536,-0.8838329066078169,train,-0.95560944
537,-0.8699322743786566,train,-0.81837314
538,-1.378218428376242,test,-1.3898281
539,-1.3429348053994388,train,-1.5771502
540,-0.4751675719984639,test,-0.5738179
541,-0.4765532023575856,train,-0.5351306
542,-0.6800034046317225,test,-0.7315508
543,-0.6873262184396695,train,-0.77019715
544,-0.5999365109266501,test,-0.5910659
545,-0.5943660798067298,train,-0.5246362
546,-0.6055459375986618,train,-0.55698454
547,-0.5812556560329847,train,-0.6141121
548,-0.552089788670385,test,-0.5438004
549,-0.03639052269320699,test,-0.14507034
550,0.08633140260237063,train,0.104793996
551,-0.44570013052247387,train,-0.44559094
552,-0.4090634456801888,train,-0.45182502
553,-0.3282327734675174,train,-0.33984074
554,-0.39613076145673076,test,-0.43639737
555,-0.7120831158649755,test,-0.66214466
556,-0.48744334527040944,train,-0.45039007
557,-0.22829318575917013,train,-0.24193683
558,-0.09859482711482238,train,-0.12586378
559,-0.48582072566993895,test,-0.5576403
560,-0.7380045793523383,test,-0.7189499
561,-0.6930389376794487,train,-0.68700707
562,-0.5064958731780512,train,-0.6591824
563,-0.28903494988137524,train,-0.31494933
564,-0.4076594519884676,test,-0.31873488
565,-0.2731283209867851,train,-0.2969016
566,-0.9413483410675549,test,-0.97115725
567,-0.4693089291936645,test,-0.51734304
568,-0.918186484707339,train,-0.88651013
569,-0.9342381256845844,train,-0.97982544
570,-0.7578509735832067,train,-0.64024943
571,-0.8483878227596833,train,-0.9172843
572,-0.552089788670385,train,-0.5464815
573,-0.7938831951636506,test,-0.7915203
574,-0.7316790036087955,train,-0.73785007
575,-1.4854331845810977,train,-1.3361063
576,-0.47324672312902816,train,-0.47299328
577,-0.3183045011362227,train,-0.28914595
578,-0.4206609774426118,train,-0.36308664
579,-0.3682751264619244,test,-0.42679223
580,-1.375092477455647,train,-1.210299
581,-0.8449955623164402,test,-0.9038312
582,-0.6965927694701171,train,-0.7306314
583,-0.7823262702981565,train,-0.8055183
584,-0.5609680689319931,train,-0.5326449
585,-0.18808437316082627,test,-0.3215575
586,-0.12225428389817004,train,-0.19662812
587,-0.10852387289430412,test,0.00040077418
588,-0.38626564489887216,train,-0.35334808
589,-0.38439652048536826,train,-0.33505508
590,-0.39249814452351384,test,-0.37417158
591,-0.37276740192967983,test,-0.34981492
592,-0.3264773648808407,train,-0.21701784
593,-0.05616490068213346,train,-0.08050203
594,-0.09075373454572512,train,-0.124892205
595,-0.05290118766493292,train,0.06636643
596,-0.2469759963771827,test,-0.3322626
597,-0.24972140621486752,train,-0.3382476
598,-0.32051105377414196,train,-0.3044976
599,0.4668023444584069,train,0.4181882
600,0.43797868003480794,train,0.42808068
601,-0.1733552229741473,train,-0.11179072
602,-0.2967430453359026,test,-0.2782217
603,-0.03639052269320699,test,-0.050944146
604,-0.06278578124496861,test,-0.15726529
605,0.1541008281690226,test,0.07000668
606,-0.11047121860180766,train,-0.10610458
607,0.26375927729515064,train,0.14350538
608,0.27471659207412663,train,0.21498723
609,0.1717801155499699,train,0.08450548
610,0.190273886909717,train,0.057418086
611,0.01011374994013885,train,-0.006602712
612,0.1664406624414374,train,0.052607447
613,0.3274541252500288,train,0.3328664
614,0.34429793898086636,train,0.29849327
616,-0.6600419654728964,train,-0.68438184
617,-0.7470027546247795,test,-0.8367355
618,-1.2643024628862811,train,-1.36415
619,0.44475210287454775,train,0.4324111
620,0.2444028923040121,test,0.38909164
621,0.12891866559368362,test,-0.30095118
622,0.1690051536544224,test,0.23682107
623,0.004298858729609044,train,-0.051231507
624,0.012650343083596263,test,-0.03259852
625,0.12517715588868622,train,0.17830472
626,0.01931563745655387,train,0.012532286
627,0.17852848188675724,train,0.17426412
628,0.33129672381441716,test,0.35807243
629,0.19493082781216292,test,0.22244093
630,0.15009323298409244,train,0.038906604
631,0.20141899192569535,train,0.03456976
632,0.13895089971980074,train,0.09549558
633,0.15009323298409244,test,0.037392028
634,-0.3922837748435793,train,-0.30216792
635,-0.3882808217814305,test,-0.31634253
636,-0.43756187916149214,train,-0.40782234
637,-0.6363865203698571,train,-0.590175
638,-0.633188842736982,train,-0.5794758
639,-0.5772906805601348,train,-0.6518767
640,-0.4594884386241678,train,-0.41570854
641,-1.2207192211078288,train,-1.2001233
642,-0.7982318350329872,train,-0.77988034
643,-0.7762687802249739,test,-0.68506134
644,-0.006314079621646862,train,-0.0053127483
645,0.04615621310560509,test,0.074724555
646,-0.06838636029978201,train,-0.0683973
647,0.002256058903270579,train,-0.044686664
648,-0.49206861124322737,train,-0.4502634
649,-0.33851744955106405,train,-0.38297957
650,-0.36585832906501914,test,-0.4718947
651,-0.27565775885871785,test,-0.24660233
652,-0.370427005245184,train,-0.38313344
653,-0.3441829070714911,train,-0.3466164
654,-0.3564033780577067,train,-0.3617749
655,-0.36373081854811595,train,-0.36402085
656,-0.3762853953650621,test,-0.37314954
657,-0.35223302750943136,train,-0.29254073
658,-0.16233041109404533,test,-0.17205383
659,-0.8384379192025926,train,-0.8311076
660,-0.9756043697325713,train,-0.96013975
661,-0.10326717686701427,train,-0.1186479
662,-0.08844213958621149,train,-0.07969104
663,-0.12945687893979627,train,-0.11747052
664,-0.11949304019947812,train,-0.07867746
665,-0.11452246571295491,train,-0.070199564
666,-0.11411763458739851,train,-0.06905019
667,-0.12529523757316155,test,-0.08673224
668,-0.11243691342078826,train,-0.077044845
669,0.7118936036305372,train,0.6897505
670,0.7457060409799855,train,0.7300035
671,0.18057203143219308,train,0.18786237
672,0.20836719822858432,train,0.18295103
673,0.27022516133530183,test,0.35831398
674,0.2035327164089932,train,0.16545211
675,0.007777974845629997,test,0.102548316
676,0.32283439110522005,train,0.34514195
677,0.22118468460139076,train,0.19342235
678,0.3782502571544048,train,0.33560884
679,0.47301818472942697,train,0.51404375
680,0.07718737072558107,test,0.22030859
681,-0.12801999053684557,train,-0.121850684
682,-0.10436721761777533,train,-0.1368188
683,0.02328336040688395,test,-0.0052262396
684,0.3676388652721664,train,0.38588592
685,0.22173780726786554,train,0.27304
686,0.38890895523830404,train,0.40757126
687,-0.23984269929290217,train,-0.24533895
688,-0.31106213916971726,train,-0.32117206
689,-0.2235734983522301,train,-0.28617305
690,-0.23602337779333107,train,-0.14925037
691,-0.18047284970649224,train,-0.19672987
692,-0.3494830060346986,train,-0.39187187
693,0.2396009900844544,train,0.19825955
694,-0.20687541408903448,train,-0.107461944
695,-0.1407529911966105,train,-0.09492904
696,-0.6488242038083484,train,-0.59801537
697,0.17477061997080584,train,0.19894753
698,0.2938781855177896,train,0.30826455
699,0.22665792255295295,train,0.25921154
700,0.24972140621486738,train,0.34893999
701,-0.22522771254793905,train,-0.12672697
702,-0.24197183336148864,train,-0.21288691
703,-0.4475929036594072,train,-0.29824898
704,-0.13468499729690225,train,-0.12540677
705,-0.23242999898149858,train,-0.11914973
706,-0.20556033631982107,train,-0.18866998
707,-0.0651653994037102,test,0.0018882677
708,0.5090413631045665,train,0.5605557
709,0.5437891346358885,train,0.49180427
710,0.5079321356776367,train,0.52854013
711,0.6078528566836993,train,0.5220148
712,0.21943386393726702,test,0.3132428
713,0.28481615844431823,test,0.3020286
714,0.3009866790095154,train,0.34151065
715,0.5116234602245806,train,0.550177
716,0.46602548182240344,train,0.4795413
717,0.6148732048831325,test,0.65974593
718,0.2810530550600065,test,0.29442972
719,0.28263896767376756,train,0.26260808
720,0.21312068259487346,train,0.27697572
721,0.07482835007736169,test,0.16643558
722,1.2849813857779184,train,1.2105654
723,1.2768537745782842,train,1.2358681
724,0.43048824545304337,train,0.47853392
725,0.2969046487640416,test,0.23124488
726,0.6425305968708431,train,0.7004578
727,0.84050468200984,train,0.7396651
728,1.007992503871135,train,0.9045358
729,1.0331952911557287,train,1.072821
730,0.4358433618425126,train,0.45168817
731,0.8196067734257764,test,1.1064515
732,1.1306448068748178,train,1.2246221
733,1.023089921763419,train,1.0466236
734,0.9735331255826598,train,0.8925634
735,0.7657294838739727,train,0.8242526
736,0.600048123168859,train,0.6456025
737,0.8512665749699896,train,0.7918205
738,1.2530044653423569,train,1.1693281
739,1.3149438661406032,train,1.1828276
741,0.04419414148858833,train,0.036908876
742,-0.02618028616334489,train,0.037940685
743,-0.49850908195288984,train,-0.50206906
744,1.304186873412246,test,1.4182186
745,0.9050287035436444,test,1.1861833
746,1.4439135152707556,train,1.5754464
747,0.8544468946773467,test,1.0051602
748,0.5236204665047602,train,0.3910449
749,0.5652931169319604,train,0.49387607
750,0.9405335982689643,train,1.009591
751,0.6292104830693284,train,0.5913234
752,0.7279309262385075,train,0.665348
753,1.118364266529047,test,1.1029227
754,0.8313641060981357,train,0.8666517
755,1.0369107481194877,train,1.0768149
756,0.535328231942445,train,0.43338156
757,0.7057868298688829,train,0.5962154
758,0.5629956156554984,train,0.44577548
759,0.2785460982589596,train,0.37718025
760,0.2653756858067448,train,0.25085494
761,0.21720131875383225,train,0.2182546
762,-0.045706555571653935,train,0.014807274
763,0.08176792397994684,train,0.107168436
764,0.25514303385637166,train,0.31107643
765,-0.4006481580952992,train,-0.4230443
766,-0.08981073535966884,train,-0.03527258
767,-0.1393148415532999,test,-0.11673033
768,0.11207406385329446,train,0.15904342
769,-0.15749078944906877,train,-0.04114661
770,0.79868348074631,test,0.68789166
771,0.8734588919951733,train,0.94221133
772,0.8468396748699659,train,0.75717735
773,0.830212685423723,train,0.76492035
774,0.35785301789407026,train,0.4084138
775,0.4068699122005187,test,0.449335
776,0.3570867204171134,train,0.3517402
777,0.09795994641522968,train,0.12603034
778,0.1043180970251652,train,0.1631557
779,0.10751432990685794,test,0.14403929
780,0.12183572972425141,test,0.15470926
781,0.1485768712255076,train,0.116871655
782,0.34553469194941605,train,0.35240743
783,0.4042803009415496,train,0.40440485
784,-0.10593763808148778,train,-0.1321209
785,-0.15001169613803922,test,-0.16778933
786,0.5350690562284518,test,0.6095175
787,0.5497627903069203,train,0.5404817
788,0.5161811547517317,train,0.57216835
789,0.36821633679501753,train,0.38657787
790,0.3602463562688861,train,0.32827944
791,0.1827636765171934,test,0.2440097
792,0.34836460134445313,train,0.3945246
793,1.866595580223052,train,1.7293235
794,1.8492779377254716,train,1.9981337
795,0.9232653124569095,train,0.94149244
796,0.9618585130432883,train,0.9751913
797,1.0614644494622993,train,1.143728
798,0.9499589712806081,train,0.97147554
799,0.8716152341036087,train,0.8802885
800,1.169143312912122,train,1.2374442
801,1.0180421349137225,train,0.9285378
802,1.3163517740011281,train,1.2704935
803,1.378125319047465,train,1.4051886
804,0.8130526885110174,test,0.8140603
805,0.7304481769981663,train,0.70651037
806,0.6824461126911596,train,0.74336416
807,0.8356819210218045,train,0.89888394
808,1.357893660375477,train,1.2811148
809,1.079636983638181,train,1.0842425
810,1.4229486340585198,train,1.2982126
811,0.4904483749719924,test,0.30647397
812,0.4170029400944613,train,0.38511062
813,0.6893185856535328,train,0.63837653
814,0.45521368205211427,train,0.49222764
815,0.24214512358440196,train,0.26083496
816,0.9583459920029285,train,0.9471591
817,0.523212273939506,train,0.5866165
818,0.5813133474329681,train,0.59245175
819,-0.017300247771363315,train,-0.015774079
820,1.0888879671880933,train,1.0966132
821,1.0952059128214378,train,1.1754668
822,1.1835852870207644,train,1.2311937
823,1.2652439336454115,train,1.256899
824,0.4713260507712294,test,0.4910108
825,0.48065451889621796,test,0.4810899
826,0.47614943214630673,train,0.4651081
827,0.4415357964439869,train,0.4743327
828,0.5612803023989821,train,0.65096945
829,1.4072616814290677,train,1.4023545
830,1.431293333595341,train,1.4941524
831,1.3949440533379618,train,1.493553
832,1.9126014250423908,train,1.7156086
833,0.9670093923602758,train,1.0120443
834,0.9909141164421166,train,0.9642623
835,0.701829598000949,train,0.7717887
836,1.1409627049530129,train,1.0945385
837,1.5802912865733685,train,1.60455
838,1.4793004305173674,train,1.6004704
839,1.8118444734159518,train,1.8946465
840,0.9848185596929324,train,1.0460882
841,0.930036179723713,train,0.8552659
842,0.661037524217798,train,0.6389346
843,2.629060441327989,train,2.5738707
844,2.7476593252694683,train,2.6826947
845,1.3403806148857582,train,1.2960788
846,1.0266805567623787,train,0.99622416
847,1.6351089017878744,test,1.7448266
848,2.0826456356292233,train,2.0346985
849,2.1697089760026054,train,2.1699152
850,2.3962229391338505,train,2.3070343
851,1.2145112160635145,train,1.1329759
852,2.195759503659308,train,2.3042984
853,3.001577689147878,train,2.9016697
854,2.8354629968364224,train,2.7563715
855,2.562010784012746,train,2.5732143
856,1.7050733966682587,train,1.7685125
857,1.5569486430072397,test,1.8780695
858,2.348215724572565,train,2.4465628
859,2.2910634664394194,train,2.5823092
860,2.5118200902598575,train,2.723567
862,1.0385130164557466,train,1.084548
863,0.2388916499579392,train,0.30044204
864,3.0939608895982875,test,2.7867773
865,5.19933758270342,train,4.0313215
866,1.721611985510196,test,2.1014555
867,1.5298526776261,test,1.5390347
868,1.4838859302105099,train,1.4280921
869,2.3653530460291208,train,2.3860562
870,1.5982016349981796,train,1.5843953
871,1.6425079476446387,train,1.681062
872,2.6683177735369106,train,2.3913898
873,2.0996007978740487,test,2.2724652
874,2.2572882052741985,train,2.366382
875,1.2283040382449697,train,1.2254925
876,1.3455821294601087,test,2.1389725
877,1.2206962580375218,train,1.1476959
878,1.2747240186072413,test,1.1400266
879,1.159558861135653,train,1.2856227
880,1.1717991299592545,train,1.285595
881,1.1899160662141273,train,1.2423433
882,1.18467971645343,test,1.2060794
883,0.7837299098513042,train,0.92339575
884,1.3982979479927693,train,1.3608834
885,0.42014762200499667,train,0.4373726
886,0.7775194967298386,train,0.7648207
887,0.650275759018266,train,0.6881071
888,0.7882772614162572,train,0.8205291
889,0.5903796929967247,train,0.6919137
890,2.0380631966755134,train,1.9390272
891,2.0161696833280645,train,2.0615213
892,1.9426802375850278,train,1.7713188
893,2.09704450574184,train,1.9970946
894,1.0309433207940828,train,1.1337554
895,1.1991297254263054,test,1.3068415
896,1.2337719897582349,train,1.2405659
897,1.1350952629444322,train,1.0820464
898,0.7214535705751365,train,0.725179
899,0.7349025795593921,test,0.7119881
900,0.7451771223739502,train,0.7151172
901,0.8057839268087009,test,0.7006007
902,1.1295507964264906,test,1.0673549
903,1.1379685769669334,test,1.009532
904,0.6745838906980289,test,0.7408659
905,0.6645588898557703,train,0.60810906
906,1.6549873717947627,train,1.5166154
907,1.6505288724364353,test,1.736152
908,1.60733576788363,test,1.6056293
909,1.5854070838030458,test,1.650424
910,1.0105447854264518,test,1.1114104
911,1.103174125813281,train,1.1220868
912,1.0735941528160085,test,1.0545418
913,0.930036179723713,train,0.9251376
914,1.0459721442130994,train,1.0356354
915,-0.8495736375102584,train,-0.88796633
916,-0.806027555872653,train,-0.81582135
917,-1.1838271129094031,train,-1.2118814
918,-1.176184714183241,train,-1.1281682
919,-1.4605311820132314,test,-1.1154505
920,-1.0330031808838123,train,-1.0277685
921,-1.0695429175687432,train,-1.0857829
922,-0.8941203822317474,train,-0.8792487
923,-1.0638757047836755,train,-1.0036694
924,-0.9103977076135983,train,-0.9487268
925,-0.9524536020989711,test,-0.8712041
926,-1.1899176721918896,train,-1.197695
927,-1.7337533675906056,test,-1.4114298
928,-1.4153471440117689,train,-1.3529699
929,-1.3173162086886179,train,-1.339779
930,-1.1345546141005096,train,-1.1426457
931,-1.0427280375740258,test,-1.0794859
932,-0.9207597885338431,test,-1.1334106
933,-1.14686336062954,train,-1.1367298
934,-1.1665201326038337,test,-1.0612446
935,-0.9986411769708958,train,-1.0722862
936,-1.0772670794055978,train,-1.0727788
937,-1.065332745003614,train,-1.0596054
938,-1.5990452737339784,train,-1.729401
939,-1.7857732381308185,train,-1.7145334
940,-1.340923818387622,train,-1.3081179
941,-1.0552643729472864,train,-1.134546
942,-0.9497761086855762,train,-1.0722281
943,-1.2974025641152052,train,-1.3443632
944,-1.1704638860880694,train,-1.2823298
945,-0.8962982744788076,train,-0.99376243
946,-1.5504449569177008,train,-1.5098709
947,-1.6499541705718885,train,-1.68283
948,-1.674485168422871,train,-1.6028624
949,-1.4491175620571428,train,-1.466704
950,-0.9397039678806908,train,-0.97896
951,-1.326886784764659,test,-1.048137
952,-1.0291623998204038,train,-1.0157478
953,-0.8312754143499439,test,-0.8060002
954,-0.8694726050296624,train,-0.9199366
955,-1.1273727247495589,train,-1.0384603
956,-1.0220997224507915,test,-1.0377103
957,-0.6210989280340984,test,-0.67996126
958,-0.6223628854645165,test,-0.7100865
959,-0.5833764466676205,train,-0.63414824
960,-0.854964748214785,train,-0.864404
961,-0.9465335857311485,train,-0.90162516
962,-0.8582625099488631,train,-0.918371
963,-0.9006754205885045,train,-0.9077321
964,-0.7810370287240398,train,-0.7816147
965,-1.010469929950147,train,-0.98454815
966,-0.8957205108208457,train,-0.8961213
967,-1.3066097468079945,train,-1.3253442
968,-0.5862529601450212,train,-0.6263622
969,-0.5871623685626008,train,-0.72229373
970,-0.6363865203698571,train,-0.6941517
971,-0.9895795394211064,train,-1.0356153
972,-0.7434233973093425,test,-1.0054219
973,-0.9064329812595809,train,-1.0070628
974,-1.1166930762281475,train,-1.1812183
975,-0.5675232453041111,test,-0.8187591
976,-0.6681841435397838,test,-0.85550296
977,-0.5601886089454424,test,-0.603759
979,-1.6956103352947656,train,-1.6980766
980,-0.7117765206873417,train,-0.773089
981,-0.7005646196271242,train,-0.7439144
982,-0.7394968418276947,train,-0.7781525
983,-0.6561879632842398,test,-0.91347164
984,-0.6645079765041133,train,-0.6977947
985,-0.42832009634688284,train,-0.40983215
986,-0.8622935450510901,train,-0.8999786
987,-0.7183217923977412,test,-0.84700704
988,-0.8289447314698759,test,-0.72904027
989,-0.7065691036841759,train,-0.76327133
990,-1.2748697024832916,train,-1.2439668
991,-1.198587754675085,train,-1.2491829
992,-1.4062102813674011,train,-1.3605164
993,-1.3979560757638851,test,-1.3461043
994,-1.560990633366988,test,-1.2609755
995,-1.5752804603232027,test,-1.5765904
996,-1.5963982583152716,train,-1.608234
997,-1.429617773871243,train,-1.4145181
998,-1.150420041869832,test,-1.1621276
999,-0.8146159345034735,train,-0.9254017
1000,-0.8097266622112353,test,-1.0380033
1001,-1.1561774128493327,train,-1.2277721
1002,-1.2153720472997755,train,-1.205519
1003,-1.0144199918005306,test,-1.0054425
1004,-0.9447242369303182,train,-0.98404676
1005,-0.9110254521471306,train,-0.9308992
1006,-1.0583216550778047,test,-1.2806317
1007,-1.2418394321694044,train,-1.2955654
1008,-0.5236288124652668,train,-0.6170718
1009,-0.5349634741125417,train,-0.53009635
1010,-0.532548454901616,train,-0.59444976
1011,-0.5390074304066504,test,-0.60346663
1012,-0.6611618742897375,train,-0.6540666
1013,-0.6731524896578351,train,-0.7100295
1014,-0.05672069684955344,train,-0.09831993
1015,-0.42358760841969684,train,-0.45095238
1016,-0.4195393766961947,train,-0.3880568
1017,-0.3124307577566834,train,-0.2634163
1018,-0.759809929740676,train,-0.67338926
1019,-0.21646387499635558,train,-0.16830064
1020,-0.2613665933076276,train,-0.25306
1021,-0.2814545978437138,test,-0.25755665
1022,-0.3578858849842886,train,-0.30642366
1023,-0.3310820886408218,train,-0.22773701
1024,-0.6174507742594125,train,-0.5942696
1025,-0.6430999254739735,test,-0.5988072
1026,-0.6088086759365358,train,-0.5570616
1027,-0.17679096538780706,train,-0.18413338
1028,-0.2342711021943017,train,-0.21017365
1029,-0.8589595905516187,train,-0.8265637
1030,-0.46624673578214065,train,-0.44400018
1031,-0.7178405814039391,train,-0.7000256
1032,-0.5196385691790139,train,-0.4492942
1033,-0.4417608423943674,train,-0.3948269
1034,-0.5790149480293204,train,-0.5121805
1035,-0.6271963576001219,train,-0.5979434
1036,-0.5119625011117457,train,-0.5549506
1037,-0.6514022310908081,train,-0.6082721
1038,-0.3241425209160992,train,-0.33085662
1039,-0.20364299727782506,test,-0.2684386
1040,-0.22653013548693424,test,-0.19116943
1041,-0.283071770073513,test,-0.266802
1042,-0.26926073893731245,train,-0.24020976
1043,-0.7086786692655188,train,-0.7030202
1044,-0.6746317023978242,train,-0.66461045
1045,-0.7295770620967938,train,-0.64846486
1046,-0.6895196960902988,test,-0.69289744
1047,-0.8164450037381902,train,-0.7944474
1048,-0.42526580227834837,train,-0.48401234
1049,-0.029401777257195717,train,-0.021811806
1050,0.0012123029198752896,train,-0.022544391
1051,0.06674407133809426,test,0.019643746
1052,-0.03087455197813723,train,-0.044749316
1053,-0.33077532317807884,test,-0.3542942
1054,-0.3045354372529297,train,-0.30520073
1055,-0.1959257696302317,train,-0.18050656
1056,0.06083158297995775,test,0.08093704
1057,-0.014756299882695938,train,0.014846845
1058,0.057226373577887575,train,0.028209783
1059,-0.19328354878131354,train,-0.2140118
1060,-0.2902994449853989,test,-0.2920089
1061,-0.3996453317345886,train,-0.29973564
1062,-0.09658209613693895,train,-0.09213665
1063,-0.08366517214249579,test,0.109806016
1064,-0.28392273154351905,test,-0.07293494
1065,-0.168644101536889,test,-0.06264898
1066,-0.1626778451459125,train,-0.15406086
1067,0.16592671275886936,train,0.14216143
1068,0.1860732949693216,train,0.22263724
1069,-0.12194912395116063,train,-0.12410417
1070,0.07936606878548379,train,0.00029484183
1071,-0.01169875214398182,train,-0.13265863
1072,-0.008760742386324427,test,-0.16166317
1073,0.06891555081578687,train,-0.04650182
1074,0.052027609326708725,train,0.060018502
1075,-0.03280329329364898,test,0.026927534
1076,0.11847442662787096,train,-0.0075004287
1077,0.09966483297606922,train,0.048752073
1079,-0.3228388568077781,train,-0.2447716
1080,-0.45172614464363153,test,-0.53610325
1081,-0.9570123293814639,test,-1.1725365
1082,-0.07333438209065332,train,-0.14309481
1083,0.09259445038697779,train,0.013058217
1084,0.15750431127555317,train,0.16972727
1085,-0.023287524967754467,train,-0.10122284
1086,0.014885655762919928,test,0.114274815
1087,-0.06666202975052223,train,-0.054133
1088,-0.016053401016451772,train,-0.06015734
1089,0.13074416404199135,train,0.1048664
1090,0.01572718714943236,test,0.10920073
1091,-0.2758406540137257,test,-0.6743666
1092,0.11961457264432662,train,0.07575107
1093,-0.18499898476556365,train,-0.2264714
1094,-0.2016912623550763,test,-0.13611309
1095,-0.17415070688565892,train,-0.15034468
1096,-0.42526580227834837,train,-0.36975557
1097,-0.1713685209345097,train,-0.19506878
1098,-0.20872788171987905,train,-0.12632236
1099,-0.7956267781118814,train,-0.7959377
1100,-0.38230140524095113,train,-0.32417667
1101,-0.37893564969123367,train,-0.3895222
1102,-0.3792136979632984,test,-0.40193444
1103,-0.5648741680409014,test,-0.40265286
1104,0.030866617074620937,test,0.052053377
1105,0.10678393176083392,train,0.15013005
1106,0.0717951045945235,train,0.1467328
1107,0.1043180970251652,train,0.12408532
1108,-0.3614161886106594,train,-0.33390006
1109,-0.3027931281464177,train,-0.27987263
1110,-0.27197515905297265,train,-0.24660668
1111,-0.2527490672089928,train,-0.18714052
1112,-0.3494830060346986,train,-0.3468335
1113,-0.24413972576723422,train,-0.23936826
1114,-0.1423048052627887,test,-0.06875114
1115,-0.5729090867689345,train,-0.567674
1116,-0.49691457869927463,test,-0.56096244
1117,0.07089965210474898,test,0.11281717
1118,0.12262169397884409,train,0.13020794
1119,0.08680808310005307,test,0.14114897
1120,-0.14692873219905975,train,-0.092140675
1121,-0.13504232570380403,train,-0.103000596
1122,-0.2114176153680821,test,-0.09545551
1123,-0.19814197586063936,train,-0.09212005
1124,0.5171032575684565,train,0.50962794
1125,0.5201742235991723,train,0.55815494
1126,0.18849459773317084,test,0.24719056
1127,0.17703807422031997,test,0.3314046
1128,0.28850809910024217,train,0.31936693
1129,0.017036407683222107,train,0.072033904
1130,0.3204227286608325,train,0.34200716
1131,0.3378125238708983,train,0.31441832
1132,0.20442581465959814,train,0.26287362
1133,0.06392233380085449,train,0.052663885
1134,-0.04901327724542574,train,-0.05025618
1135,-0.06978313682063726,test,-0.041386884
1136,-0.04395664790054594,test,0.0004511252
1137,0.40065546039087263,train,0.4911852
1138,0.33931539405982,train,0.38211057
1139,-0.23123428539562801,train,-0.2445553
1140,-0.4334803116654089,train,-0.25239626
1141,-0.14990034229037894,train,-0.059837956
1142,-0.020478561352856046,train,0.06916189
1143,-0.3604862778220348,test,-0.22978571
1144,0.09135933268948367,train,0.16609737
1145,-0.08182909265864506,train,-0.053417135
1146,-0.09676591889721088,train,-0.053250406
1147,0.1370124816463756,train,0.076112986
1148,-0.11940841607158405,train,-0.0918697
1149,0.3421586194532292,test,0.30641037
1150,0.4024915719738001,test,0.4394215
1151,0.3806231724997629,test,0.43449104
1152,0.3900584200561976,train,0.50312895
1153,-0.19289253911037404,train,-0.20123011
1154,-0.21929281946427304,test,-0.19739574
1155,-0.2867578755680739,train,-0.18064487
1156,0.033483105402256505,test,0.16757703
1157,0.6059407706173041,test,0.6969594
1158,0.6189430580267902,train,0.56536734
1159,0.6770084721981487,train,0.66354054
1160,0.5832042337813118,test,0.5549913
1161,0.23276398359936906,test,0.2013334
1162,-0.0859433032855897,train,-0.054966424
1163,0.3762850572408623,train,0.35319874
1164,0.6548986921129105,train,0.635534
1165,0.6215656263949965,train,0.591681
1166,0.670434275617187,test,0.6461449
1167,0.29904452346769844,train,0.33587715
1168,0.25231085193165653,test,0.23735483
1169,0.08973278167073269,train,0.20262082
1170,0.5396654501302933,test,0.6523551
1171,0.5698368543214296,train,0.6894701
1172,0.3754331690448617,train,0.37880838
1173,0.4088267815033581,train,0.4320778
1174,0.48137526235662886,train,0.5053097
1175,0.8081895960943483,train,0.81042624
1176,0.8266977298382983,test,0.8891929
1177,0.3947754166035482,train,0.39220384
1178,0.6259591367617893,test,0.723484
1179,0.6972708599841193,train,0.7226958
1180,0.6798594919024571,train,0.5972974
1181,0.6983924566468461,train,0.6257594
1182,0.642717497091939,train,0.5880017
1183,0.5997415047056328,train,0.529204
1184,0.6871714974270312,train,0.72953975
1185,0.7579474385597036,train,0.6536207
1186,0.7440086859831933,train,0.8069045
1188,0.37058908465187723,train,0.374722
1189,0.33705428051605346,train,0.37508452
1190,-0.30674782773034676,test,-0.41848463
1191,0.558418820470949,train,0.51791775
1192,0.6638110205797736,train,0.72007847
1193,0.7583992929128249,test,0.54879576
1194,0.8005403473609001,train,0.73666567
1195,0.5581162065083498,train,0.55386066
1196,0.6847981504100501,train,0.68268204
1197,0.6678642910229163,train,0.703832
1198,0.6734665412055406,train,0.6938483
1199,0.3967791186630455,train,0.15668136
1200,0.5137892302706919,train,0.3514078
1201,0.49213682280838095,test,0.37372604
1202,0.4399293450096296,test,0.529145
1203,0.4164879289353773,train,0.5011353
1204,0.4982574737526999,train,0.49386224
1205,0.5022224148158546,train,0.50828624
1206,0.2250434416382039,train,0.2857696
1207,0.43079609507019945,train,0.49926156
1208,-0.19020823105819107,train,-0.24681315
1209,0.17283640990720053,train,0.22943404
1210,-0.04381818318036088,train,0.027058633
1211,0.7026816508645374,train,0.6796879
1212,0.7511800989181243,train,0.7580274
1213,0.7374352620141771,train,0.6526872
1214,0.2658688737247177,train,0.23997721
1215,0.3177267333381672,train,0.26965445
1216,0.3230696311563212,train,0.34453648
1217,0.3022513800644956,test,0.32971343
1218,0.09550136315231798,train,0.1195361
1219,0.21106976491595733,train,0.19196486
1220,0.13493049785360045,train,0.12147319
1221,0.3866449174920023,train,0.40887982
1222,-0.07959408204095182,train,-0.04558665
1223,-0.02668106205461865,test,-0.024179209
1224,0.6125708699561211,train,0.6549157
1225,0.7671800592414446,train,0.67326987
1226,0.7748966644278232,train,0.6841393
1227,0.35280889039987323,train,0.2982198
1228,0.32824434586396767,test,0.3293068
1229,1.3770646770905521,test,1.2727636
1230,1.383968959658186,train,1.4171567
1231,0.9439304094423308,train,0.9678386
1232,0.9270292277318132,train,0.9346807
1233,1.0618907940846465,train,1.0058424
1234,0.9380348543327647,train,0.9306317
1235,0.715217795675016,train,0.6958744
1236,0.9564108645075887,train,0.8877463
1237,0.884515143411197,train,0.8987719
1238,0.937064556673054,test,1.1936727
1239,0.6329247156703847,train,0.6467354
1240,0.6512777444143416,test,0.75195897
1241,0.6309492856896912,train,0.64596975
1242,0.6551229296782115,train,0.7320931
1243,1.1945937827800805,test,1.3359913
1244,1.1152491600415178,train,1.3034434
1245,1.2908271132013507,train,1.3585306
1246,1.3368561811348965,train,1.371848
1247,0.41967803003538157,train,0.43307796
1248,0.4971963277602513,test,0.5347267
1249,0.5339549247663408,train,0.61824334
1250,0.5261232542866559,train,0.56981313
1251,0.5005785580504896,train,0.54205316
1252,0.7516774179885589,test,0.85618055
1253,0.6470453236223974,train,0.7549372
1254,0.5948326537160076,train,0.7348148
1255,0.7901113408105581,train,0.84806556
1256,0.14230013546805928,train,0.14902781
1257,1.2254906776193515,test,1.0699472
1258,1.2868755181528915,train,1.3918632
1259,1.2584707077159054,train,1.3237439
1260,1.3224018937888884,train,1.3170937
1261,1.259120481052978,train,1.3326634
1262,0.3925212724135461,train,0.50484556
1263,0.449722806366264,train,0.47768408
1264,0.37268073312317945,test,0.45765054
1265,0.3647351082495713,train,0.43305933
1266,0.5911988213370905,train,0.6369878
1267,1.4833031415210836,train,1.5162584
1268,1.4606991367736186,train,1.4478244
1269,1.467299114646703,train,1.3903013
1270,1.5125751476120084,train,1.4657118
1271,0.9651309347912179,test,0.9387757
1272,0.6404550289340604,train,0.731405
1273,1.1491164951341681,train,1.1475042
1274,1.5474697867432456,train,1.4457119
1275,1.5062643295498082,train,1.4857978
1276,1.6275349552440241,train,1.5233456
1277,0.9478739061985484,train,1.0216103
1278,0.9755791769159365,train,1.0198419
1279,0.7857676517624502,train,0.782586
1280,1.4970649119572363,train,1.3983829
1281,1.596795144963167,train,1.6468786
1282,1.242033388347096,train,1.1702931
1283,0.9968442402099537,train,0.99244314
1284,1.2091808701616347,train,1.212618
1285,1.449200493333905,train,1.5464722
1286,1.970108477740819,train,1.7473663
1287,1.976995250288816,train,1.8799107
1288,1.1454695526368566,test,1.0971607
1289,1.707828336371268,train,1.6201142
1290,1.8282177426510244,train,1.9068599
1291,1.8380840339674904,train,1.8098599
1292,1.7912211071734936,train,1.7251179
1293,1.5640247228898074,test,1.2087133
1294,1.5609048472650273,test,1.2904363
1295,1.8114053883369432,train,1.7810862
1296,1.8905727025379906,test,1.7339802
1297,1.468928662236227,train,1.4140314
1299,1.3698094882160399,train,1.3662279
1300,1.358954932749004,train,1.3785517
1301,0.3521626514880173,train,0.42299595
1302,1.5397027806592092,test,1.7578781
1303,1.6711992868001206,train,1.8735628
1304,1.6152530657411384,train,1.6131601
1305,1.3886560370350873,test,1.2019922
1306,1.759705932144652,train,1.7225454
1307,1.5248147530680556,train,1.4007676
1308,1.7816233543253173,test,1.6582857
1309,1.6829720837021107,test,1.5767914
1310,1.7353261664858024,train,1.7242293
1311,1.0844739577382145,train,0.91399676
1312,1.2188831242102474,train,1.0572829
1313,1.123303282887062,train,1.0128789
1314,1.3633064237211385,train,1.3818095
1315,1.2980593381852894,train,1.3605002
1316,1.4592792386414422,train,1.4798775
1317,1.4983920042998398,train,1.4672259
1318,1.1062834647879076,train,1.1209233
1319,1.518004660639217,train,1.5219319
1320,1.3285569725038127,test,1.417387
1321,0.475197307567068,test,0.41709906
1322,0.8676057100476634,train,0.9071017
1323,0.8423082808079578,test,0.8922066
1324,0.861991758530919,train,0.88891804
1325,0.5787909238224097,test,0.80420816
1326,1.6675182355873859,train,1.6322935
1327,1.7457306509741615,train,1.8362297
1328,1.618638585238799,train,1.6494867
1329,1.7988100980749326,train,1.779243
1330,1.0753990014506154,test,1.0135914
1331,1.0819616682698971,test,1.0438708
1332,1.1004214690165424,train,1.105418
1333,1.0439479459314038,test,0.9964913
1334,0.7084966141394768,train,0.7510186
1335,0.715217795675016,train,0.749894
1336,1.09297003706046,test,1.0482384
1337,1.0207905513312934,train,0.96293485
1338,1.1166753870087773,test,0.9785058
1339,0.547659358348645,test,0.6278408
1340,0.576882377604105,train,0.62608474
1341,1.5743459930134585,test,1.3934256
1342,1.7619725467284277,test,1.5987656
1343,1.8632824989732493,test,1.6221052
1344,1.6950568749505783,test,1.6135358
1345,0.9857608343363867,train,0.96501493
1346,0.9987431212643101,test,1.2583097
