,"dielectric constant, electronic",split,Predicted,file
0,2.7968,train,2.8091836,1
1,2.8753,train,2.8443687,2
2,2.7387,train,2.7410264,3
3,2.7315,train,2.7479334,4
4,2.7502,train,2.6928508,5
5,2.7323,train,2.7584083,6
6,2.765,train,2.850628,7
7,2.7876,train,2.8130908,8
8,2.631,train,2.7180705,9
9,2.622,train,2.711988,10
10,2.6918,test,2.768148,11
11,2.6487,train,2.6653502,12
12,2.719,train,2.6816936,13
13,2.7217,train,2.7567775,14
14,2.7489,train,2.8555195,15
15,2.7295,train,2.7476122,16
16,2.716,train,2.7484167,17
17,2.6555,train,2.6988387,18
18,2.6088,train,2.6593697,19
19,2.6574,train,2.6740098,20
20,2.7196,train,2.7078307,21
21,2.6863,train,2.7177083,22
22,2.7273,train,2.7106216,23
23,2.707,test,2.7797801,24
24,2.7344,train,2.7880902,25
25,2.6278,train,2.7460876,26
26,2.7189,train,2.7658973,27
27,2.6817,train,2.7304177,28
28,2.7351,train,2.7815611,29
29,2.6942,test,2.770973,30
30,2.7629,train,2.8496454,31
31,2.7319,test,2.8206437,32
32,2.7161,test,2.758027,33
33,2.6995,train,2.8139384,34
34,2.6849,train,2.7720873,35
35,2.8276,train,2.809438,36
36,2.8234,train,2.8059063,37
37,2.8381,train,2.8038237,38
38,2.8493,train,2.7858567,39
39,2.8573,train,2.859416,40
40,2.7911,train,2.840549,41
41,2.9119,train,2.9380322,42
42,2.8931,train,2.924,43
43,2.7603,test,2.9368591,44
44,2.7677,test,2.8389328,45
45,2.8189,train,2.843873,46
46,2.6808,train,2.7637455,47
47,2.8878,train,2.9788125,48
48,2.9083,test,2.9607062,49
49,2.9682,test,2.9699016,50
50,3.0613,train,3.0020711,51
51,2.8387,test,2.9399781,52
52,2.9354,train,2.977768,53
53,2.9199,train,2.9314356,54
54,2.9298,test,3.0290887,55
55,2.9416,train,2.9521728,56
56,2.8888,test,3.0055835,57
57,2.94,train,2.9736516,58
58,2.5832,test,2.6473224,60
59,2.5853,train,2.601146,61
60,3.0349,train,2.9633374,62
61,2.8755,train,2.8425343,63
62,3.0212,train,3.013308,64
63,2.8958,test,2.8728044,65
64,2.963,train,2.9745464,66
65,2.8891,test,2.8650799,67
66,2.9719,train,2.8930283,68
67,2.8654,train,2.9338167,69
68,2.8712,train,2.8631277,70
69,2.9742,train,2.831846,71
70,2.654,test,2.7066464,72
71,2.6666,train,2.752608,73
72,2.6237,train,2.687879,74
73,2.5787,train,2.5803473,75
74,2.6263,train,2.653287,76
75,2.5856,train,2.6646707,77
76,2.5907,test,2.6928728,78
77,2.7402,train,2.7432141,79
78,2.816,test,2.7824092,80
79,2.7631,train,2.7888923,81
80,2.8441,train,2.783334,82
81,2.7136,test,2.7452185,83
82,2.7358,train,2.761521,84
83,2.6251,train,2.6965928,85
84,2.7751,train,2.8123496,86
85,2.7821,train,2.730782,87
86,2.7835,test,2.7386787,88
87,2.7574,train,2.8021438,89
88,2.7114,train,2.668018,90
89,2.6569,train,2.69391,91
90,2.986,train,2.9446816,92
91,2.994,train,2.9447079,93
92,2.8618,train,2.8785903,94
93,2.9519,train,2.88318,95
94,2.9355,train,2.9595504,96
95,2.9764,train,2.9265847,97
96,3.2264,test,3.235755,98
97,3.3143,train,3.2216542,99
98,3.0561,train,3.080712,100
99,3.1228,train,3.0968955,101
100,3.1383,train,3.1415894,102
101,2.9271,test,3.2135546,103
102,3.4348,train,3.4380653,104
103,3.0918,train,3.1493776,105
104,3.2568,train,3.2951581,106
105,2.9243,train,3.00525,107
106,2.9131,train,2.9942749,108
107,2.9177,test,3.0546312,109
108,2.9711,train,3.0767608,110
109,3.0489,test,3.0782945,111
110,3.1057,train,3.0186286,112
111,3.1727,train,3.1117973,113
112,2.8653,train,2.9175086,114
113,2.952,test,2.9401007,115
114,3.0296,train,2.9516542,116
115,2.8363,test,3.0184288,117
116,3.0353,train,2.9274483,118
117,2.8725,train,2.8389719,119
118,2.8571,train,2.9061215,120
119,2.7055,train,2.7819421,121
120,3.0198,train,2.998887,122
121,3.015,train,3.047807,123
122,3.0783,train,2.9823062,124
123,2.8678,test,2.9093642,125
124,2.7385,train,2.871898,126
125,2.9339,train,2.9125288,127
126,2.969,train,3.0104089,128
127,2.9835,train,3.0106292,129
128,3.1443,test,3.2085934,130
129,3.1576,train,3.166321,131
130,3.1337,train,3.208694,132
131,3.1627,train,3.2390792,133
132,3.2382,train,3.2425299,134
133,3.069,train,3.0777922,135
134,3.0684,train,3.0835793,136
135,3.1753,test,3.2579467,137
136,3.2355,train,3.1787817,138
137,3.2279,train,3.1477244,139
138,3.2252,train,3.2190871,140
139,3.0865,train,3.183124,141
140,3.7631,test,3.6673598,142
141,3.2487,train,3.296352,143
142,3.2015,train,3.2646172,144
143,3.4605,train,3.470915,145
144,3.312,train,3.3471448,146
145,3.3168,train,3.393045,147
146,3.385,train,3.3473132,148
147,3.3518,test,3.2705245,149
148,4.1438,train,4.084011,150
149,3.656,train,3.7360404,151
150,3.6322,train,3.702358,152
151,3.7099,train,3.693941,153
152,3.6353,train,3.6788251,154
153,3.6949,train,3.7113254,155
154,3.6414,train,3.6687784,156
155,3.5143,test,3.5052698,157
156,3.5295,test,3.6228952,158
157,2.8776,train,2.821519,160
158,2.8696,test,2.7803013,161
159,2.7923,train,2.7105975,162
160,4.0415,train,3.9125304,163
161,3.6431,train,3.544896,164
162,4.0445,train,3.9605641,165
163,3.6395,test,3.5751777,166
164,3.4585,train,3.3906517,167
165,3.4331,train,3.4528866,168
166,3.6296,train,3.6042614,169
167,3.4786,train,3.5375595,170
168,3.7013,test,3.7241874,171
169,3.6173,train,3.5775604,172
170,3.414,test,3.3665702,173
171,3.7507,train,3.6894917,174
172,2.9832,train,3.0438557,175
173,3.0002,train,3.0529587,176
174,2.9557,test,3.0132477,177
175,2.9201,test,2.9425607,178
176,2.9287,train,2.8261437,179
177,2.8262,train,2.872637,180
178,2.8286,train,2.7953713,181
179,2.9017,train,2.9243493,182
180,3.233,train,3.1586473,183
181,3.2,train,3.2814693,184
182,3.1994,train,3.2899218,185
183,3.2821,train,3.168453,186
184,2.9987,test,3.1482928,187
185,3.0565,train,3.0462556,188
186,3.068,train,3.1151848,189
187,3.1248,train,3.127904,190
188,3.1128,train,3.145255,191
189,3.1114,train,3.1221259,192
190,3.174,train,3.1628325,193
191,3.2781,train,3.3608873,194
192,2.9117,test,2.9663124,195
193,2.894,train,2.8334482,196
194,3.2147,train,3.128125,197
195,3.2771,train,3.2766583,198
196,3.1808,test,3.1567218,199
197,3.3841,train,3.393749,200
198,3.3865,test,3.3291028,201
199,3.3895,test,3.2378044,202
200,3.8232,train,3.816926,203
201,3.8349,train,3.7569036,204
202,3.545,train,3.5309837,205
203,3.6057,train,3.6303246,206
204,3.7203,train,3.6973815,207
205,3.3836,train,3.558679,208
206,3.8912,train,3.9289749,209
207,3.5742,train,3.540452,210
208,3.5623,test,3.5412536,211
209,3.7188,test,3.7605746,212
210,3.3676,test,3.4170084,213
211,3.295,train,3.361858,214
212,3.3463,train,3.359724,215
213,3.3738,train,3.292379,216
214,3.5506,train,3.4966872,217
215,3.4523,train,3.4530792,218
216,3.6328,train,3.459613,219
217,3.271,train,3.1943712,220
218,3.1804,test,3.202442,221
219,3.1389,train,3.1966274,222
220,3.4494,test,3.2334623,223
221,3.1432,test,3.192177,224
222,3.1971,train,3.191594,225
223,3.4784,train,3.351175,226
224,3.2001,train,3.153903,227
225,3.2117,train,3.2071786,228
226,2.9843,train,3.0597491,229
227,3.4163,train,3.3879154,230
228,3.441,train,3.456357,231
229,3.4704,train,3.431073,232
230,3.4724,train,3.4019482,233
231,3.1747,test,3.3169763,234
232,3.2073,train,3.2614985,235
233,3.1959,test,3.2814379,236
234,3.3627,train,3.3735769,237
235,3.3814,train,3.321931,238
236,3.6423,train,3.666365,239
237,3.6494,test,3.4958558,240
238,3.6301,train,3.6132224,241
239,3.7166,test,3.6097703,242
240,3.6945,test,3.7052917,243
241,3.6905,train,3.727342,244
242,3.5667,train,3.589056,245
243,3.5445,test,3.480597,246
244,3.5421,test,3.4999917,247
245,3.6302,train,3.689098,248
246,3.6113,train,3.5726805,249
247,3.7212,test,3.6338809,250
248,3.6745,train,3.5470846,251
249,3.706,train,3.5863354,252
250,3.3874,train,3.4768882,253
251,4.382,train,4.33391,254
252,4.334,train,4.2423534,255
253,3.8619,train,3.8694587,256
254,3.7561,test,3.8198113,257
255,4.0859,train,4.1344824,258
256,3.9683,train,4.043758,259
257,3.8322,train,3.8680243,260
258,3.9515,train,3.9015415,261
259,3.8574,test,3.7248273,262
260,4.7993,train,4.656934,263
261,4.5086,test,4.518187,264
262,4.514,train,4.5478797,265
263,4.599,train,4.3444624,266
264,4.2999,train,4.3952994,267
265,4.208,test,4.6109657,268
266,4.3486,train,4.4247484,269
267,4.1733,train,4.155357,270
268,4.1452,train,4.2518954,271
269,3.2629,train,3.2394001,273
270,3.2066,test,3.2115443,274
271,3.0587,train,2.9257283,275
272,4.6552,train,4.5576086,276
273,4.772,train,4.5235643,277
274,4.2537,train,4.2409983,278
275,4.1295,test,4.086821,279
276,3.9983,train,3.8990262,280
277,4.3198,test,4.162863,281
278,4.3534,train,4.339153,282
279,4.0551,train,3.995504,283
280,4.412,train,4.357889,284
281,4.2954,train,4.3348775,285
282,4.4165,test,4.3690042,286
283,4.0025,train,3.9965818,287
284,4.1567,train,4.1983547,288
285,4.0355,train,3.9589121,289
286,4.0339,test,3.9812028,290
287,3.4135,train,3.4348242,291
288,3.3895,train,3.427956,292
289,3.2756,test,3.2857513,293
290,3.2725,train,3.2552967,294
291,3.3188,test,3.1837876,295
292,3.1909,train,3.240606,296
293,3.1662,train,3.1888537,297
294,3.4025,train,3.4705174,298
295,3.2715,train,3.3270411,299
296,3.7899,test,3.7797322,300
297,3.8118,test,3.7644434,301
298,3.75,test,3.7236464,302
299,3.8424,train,3.8106122,303
300,3.4258,train,3.369302,304
301,3.551,train,3.5369124,305
302,3.589,train,3.6060455,306
303,3.7494,test,3.6623785,307
304,3.6332,train,3.602405,308
305,3.636,train,3.5998826,309
306,3.6102,test,3.5663526,310
307,3.3643,train,3.4678261,311
308,3.8119,test,3.7678533,312
309,3.7653,test,3.772957,313
310,3.3616,train,3.3830395,314
311,3.3401,train,3.2416499,315
312,3.6656,test,3.6336334,316
313,3.7107,train,3.6162784,317
314,3.614,train,3.548749,318
315,3.6928,train,3.6121821,319
316,3.8204,test,3.8441637,320
317,3.816,train,3.8079817,321
318,3.8462,train,3.6910036,322
319,3.8634,train,3.7062235,323
320,4.8318,train,4.8406954,324
321,4.6993,train,4.7278767,325
322,4.2928,test,4.3242993,326
323,4.3646,train,4.405425,327
324,4.4937,train,4.4752283,328
325,4.3237,train,4.4243774,329
326,4.2018,train,4.2260056,330
327,4.564,train,4.645425,331
328,4.3675,train,4.463472,332
329,4.3489,train,4.2929907,333
330,4.4137,train,4.4581203,334
331,4.1662,test,4.39126,335
332,3.9293,train,3.995291,336
333,4.0313,train,4.056605,337
334,4.0667,train,3.995884,338
335,4.3102,train,4.264978,339
336,4.1371,train,4.1180735,340
337,4.3688,train,4.1959186,341
338,3.9838,train,3.8317199,342
339,3.7424,test,3.818034,343
340,3.6268,train,3.7915888,344
341,3.799,train,3.959097,345
342,3.7124,test,3.7799342,346
343,4.1819,train,4.065009,347
344,3.7934,test,3.7576325,348
345,3.7989,train,3.7616904,349
346,3.831,test,3.7873366,350
347,3.4577,train,3.5862334,351
348,4.0721,train,4.054427,352
349,4.1877,train,4.299463,353
350,4.2256,test,4.2729387,354
351,4.2085,test,4.2808704,355
352,3.8569,test,3.947048,356
353,3.8625,test,3.9720426,357
354,3.8588,test,3.9398506,358
355,3.8864,train,3.987697,359
356,4.0375,train,3.9857125,360
357,4.0123,train,4.009325,361
358,4.4347,test,4.609476,362
359,4.4403,train,4.4536686,363
360,4.419,train,4.5791855,364
361,4.5957,test,4.6853023,365
362,4.3583,train,4.4559145,366
363,4.3842,test,4.5000973,367
364,4.045,train,4.3436165,368
365,4.3295,test,4.2569847,369
366,4.4093,train,4.6449084,370
367,4.3774,train,4.483647,371
368,4.5357,train,4.541035,372
369,4.3938,train,4.260468,373
370,4.4175,test,4.2313757,374
371,4.1995,test,4.3136973,375
372,5.3314,train,5.3252945,376
373,5.2779,train,5.139774,377
374,4.8418,test,4.804588,378
375,4.609,train,4.683687,379
376,4.9379,train,4.974363,380
377,4.94,test,5.202189,381
378,4.7136,train,4.937304,382
379,4.8769,train,4.8668694,383
380,4.7264,test,4.5664463,384
381,5.5546,train,5.55244,385
382,5.6608,test,5.7075925,386
383,5.6263,train,5.6565175,387
384,5.7211,train,5.5564203,388
385,5.3577,train,5.281854,389
386,5.0428,train,5.352899,390
387,5.541,train,5.4692426,391
388,5.1645,train,5.234757,392
389,5.1897,train,4.9504747,393
390,3.9553,test,4.1448426,395
391,3.5734,train,3.5940864,396
392,5.6271,train,5.578693,397
393,5.3639,train,5.34083,398
394,5.7439,test,5.391468,399
395,5.2046,train,5.2358155,400
396,4.9557,train,4.9925156,401
397,4.9527,train,4.98515,402
398,5.4069,test,5.3090544,403
399,5.3096,train,5.3217325,404
400,4.9204,train,4.876033,405
401,5.446,train,5.3392124,406
402,5.2698,train,5.260632,407
403,4.8363,train,4.7870064,408
404,4.7824,train,4.950233,409
405,4.7926,train,4.7612906,410
406,4.1562,train,4.2624197,411
407,4.1305,train,4.204207,412
408,3.8441,train,3.9005547,413
409,3.9984,train,3.9432926,414
410,3.8191,test,3.858395,415
411,3.9792,test,4.083763,416
412,3.862,train,3.967347,417
413,4.1007,test,4.1800423,418
414,3.9185,train,4.0589123,419
415,4.6998,test,4.680649,420
416,4.7308,train,4.653188,421
417,4.7915,train,4.6169252,422
418,4.7611,train,4.7613935,423
419,4.2567,train,4.29012,424
420,4.3309,test,4.4032655,425
421,4.4337,train,4.5436873,426
422,4.5998,test,4.5789313,427
423,4.1641,train,4.2851176,428
424,4.2978,train,4.3060274,429
425,4.0878,test,4.3023953,430
426,4.6202,train,4.6657367,431
427,4.4179,test,4.4638023,432
428,4.1566,test,4.265667,433
429,4.1375,train,4.128443,434
430,4.434,train,4.4028296,435
431,4.4344,train,4.3995876,436
432,4.4349,train,4.520199,437
433,4.4217,test,4.472116,438
434,4.4234,train,4.45665,439
435,4.5673,test,4.297682,440
436,4.3895,train,4.4676223,441
437,4.5272,train,4.391721,442
438,2.9648,test,3.0054429,443
439,3.0204,train,3.0535746,444
440,2.9434,train,2.9747138,445
441,2.8937,train,2.8953898,446
442,2.9251,train,2.9874785,447
443,2.9576,train,2.9529345,448
444,3.0202,train,3.0331297,449
445,2.9303,train,2.998035,450
446,2.9582,train,3.0150118,451
447,3.0047,test,3.1758351,452
448,2.8424,train,2.9007578,453
449,2.7957,train,2.868273,454
450,2.8922,train,2.9143019,455
451,2.8355,test,2.8252754,456
452,2.8904,train,2.8512087,457
453,2.8854,train,2.8547232,458
454,2.896,train,2.8747237,459
455,2.9633,train,3.019864,460
456,2.9103,train,2.9768224,461
457,2.943,train,2.8914812,462
458,2.8785,train,2.8783514,463
459,2.7379,train,2.7890458,464
460,2.7335,train,2.7630606,465
461,2.8325,test,2.8458674,466
462,2.8102,test,2.8287244,467
463,2.8482,train,2.905192,468
464,2.9204,test,2.903498,469
465,2.8289,train,2.8781204,470
466,2.8529,train,2.9296637,471
467,2.8969,train,2.958672,472
468,2.8803,train,2.944863,473
469,2.8315,train,2.8970013,474
470,2.9054,train,2.9367726,475
471,2.8148,test,2.8656645,476
472,2.9999,train,3.0120337,477
473,3.0153,train,3.0190296,478
474,2.9696,train,3.0233035,479
475,2.9576,train,3.0143983,480
476,2.9011,train,2.9812942,481
477,2.8902,train,2.9638524,482
478,2.8799,train,2.9626005,483
479,2.8406,test,3.0182261,484
480,2.9742,train,2.9805562,485
481,3.0444,test,3.031089,486
482,3.044,train,2.9963655,487
483,3.0445,train,3.002282,488
484,3.051,train,3.018668,489
485,3.0659,test,3.0864918,490
486,3.0978,test,3.1696682,491
487,3.1774,train,3.1245303,492
488,3.0491,train,3.0683947,493
489,3.0567,train,3.1620374,494
490,2.9958,test,3.1141446,495
491,3.0509,train,3.1194284,496
492,2.8582,train,2.958339,497
493,3.0995,test,3.157755,498
494,3.2333,test,3.1010492,499
495,3.3072,train,3.3254635,500
496,3.262,train,3.213601,501
497,3.1022,test,3.1706333,502
498,3.2184,train,3.1215062,503
499,3.1791,train,3.2207937,504
500,3.1281,train,3.140698,505
501,2.7059,train,2.805285,507
502,3.1946,train,3.1820636,508
503,3.1194,train,3.1216114,509
504,3.1687,train,3.1636407,510
505,3.1681,train,3.1481497,511
506,3.3136,test,3.3385696,512
507,3.1288,train,3.1569185,513
508,3.1419,train,3.1189399,514
509,3.131,train,3.1415963,515
510,3.1461,train,3.1629138,516
511,3.0527,train,3.1390624,517
512,3.1466,train,3.149059,518
513,2.795,test,2.9216974,519
514,2.8597,test,2.9862468,520
515,2.7712,train,2.8754938,521
516,2.8607,train,2.8766947,522
517,2.8018,train,2.8458376,523
518,2.728,train,2.8315432,524
519,2.8082,train,2.8670604,525
520,2.9176,train,2.9643202,526
521,2.9428,train,2.897825,527
522,3.0122,test,3.0193548,528
523,3.0505,train,3.0389402,529
524,2.8996,train,2.9225166,530
525,2.8956,train,2.9152832,531
526,2.8036,train,2.9188292,532
527,3.0002,train,3.053776,533
528,2.9831,train,3.0443087,534
529,2.988,test,3.0311816,535
530,2.9978,train,3.0260732,536
531,3.0018,train,3.1272337,537
532,2.859,test,3.067841,538
533,2.8668,train,2.8848872,539
534,3.2233,test,3.0447395,540
535,3.2221,train,3.0638149,541
536,3.0996,test,3.0646617,542
537,3.094,train,3.1019368,543
538,3.1432,test,3.221597,544
539,3.1454,train,3.182075,545
540,3.1414,train,3.179956,546
541,3.1493,train,3.0855124,547
542,3.1709,test,3.0456152,548
543,3.5757,test,3.607679,549
544,3.6762,train,3.5340307,550
545,3.247,train,3.3006973,551
546,3.2755,train,3.287565,552
547,3.3275,train,3.4186325,553
548,3.2811,test,3.2998724,554
549,3.0717,test,3.2496088,555
550,3.2093,train,3.3035126,556
551,3.4077,train,3.4462352,557
552,3.5206,train,3.5378299,558
553,3.2104,test,3.3701682,559
554,3.0607,test,3.2143974,560
555,3.0914,train,3.2406957,561
556,3.1999,train,3.2985492,562
557,3.3692,train,3.2339797,563
558,3.2759,test,3.3426013,564
559,3.3778,train,3.2410367,565
560,2.9805,test,3.00025,566
561,3.2255,test,3.1941843,567
562,2.9854,train,2.9840207,568
563,2.9828,train,2.9975922,569
564,3.0546,train,3.1761925,570
565,3.0117,train,3.0263662,571
566,3.1709,train,3.190796,572
567,3.0418,test,3.0514214,573
568,3.0655,train,3.108745,574
569,2.8326,train,2.9703555,575
570,3.2241,train,3.1232815,576
571,3.3358,train,3.2061465,577
572,3.2674,train,3.3255465,578
573,3.2999,test,3.1473482,579
574,2.8592,train,3.0084958,580
575,3.0121,test,2.9742706,581
576,3.0887,train,3.0203195,582
577,3.0464,train,3.0482793,583
578,3.1672,train,3.206484,584
579,3.4326,test,3.4122598,585
580,3.4847,train,3.4958718,586
581,3.5087,test,3.6185021,587
582,3.2885,train,3.3289125,588
583,3.2904,train,3.3407335,589
584,3.2824,test,3.3258326,590
585,3.2958,test,3.3625374,591
586,3.3278,train,3.3705108,592
587,3.5574,train,3.3998501,593
588,3.53,train,3.435344,594
589,3.5618,train,3.4857297,595
590,3.3899,test,3.2798855,596
591,3.3895,train,3.2719467,597
592,3.3307,train,3.334418,598
593,4.055,train,3.9842336,599
594,4.0159,train,3.9872901,600
595,3.4435,train,3.5648224,601
596,3.3633,test,3.5073164,602
597,3.5757,test,3.6460848,603
598,3.5504,test,3.6010978,604
599,3.7154,test,3.7522895,605
600,3.5063,train,3.639161,606
601,3.8247,train,3.6573637,607
602,3.833,train,3.8475935,608
603,3.7328,train,3.7565353,609
604,3.7486,train,3.720236,610
605,3.6185,train,3.8724658,611
606,3.7263,train,3.7712224,612
607,3.8791,train,3.8263555,613
608,3.9085,train,3.8631127,614
609,3.1115,train,3.1233432,616
610,3.0584,test,3.1882706,617
611,2.8876,train,2.8161223,618
612,4.0315,train,3.9524262,619
613,3.8109,test,3.9797354,620
614,3.702,test,3.5135283,621
615,3.7293,test,3.8724592,622
616,3.6162,train,3.666112,623
617,3.6201,test,3.660125,624
618,3.6994,train,3.8267531,625
619,3.623,train,3.6709092,626
620,3.7388,train,3.721044,627
621,3.8871,test,4.03726,628
622,3.7499,test,3.857182,629
623,3.7136,train,3.7243812,630
624,3.7569,train,3.7664316,631
625,3.7096,train,3.7217617,632
626,3.7136,test,3.7268083,633
627,3.2825,train,3.296735,634
628,3.2859,test,3.3081238,635
629,3.2595,train,3.2473986,636
630,3.1249,train,3.1684158,637
631,3.1262,train,3.1753564,638
632,3.1521,train,3.2167366,639
633,3.2321,train,3.2279942,640
634,2.8954,train,2.9421651,641
635,3.0387,train,2.9730258,642
636,3.0488,test,3.0459,643
637,3.6098,train,3.6645772,644
638,3.6385,test,3.6932716,645
639,3.5495,train,3.5356576,646
640,3.6157,train,3.5707793,647
641,3.2073,train,3.4027185,648
642,3.3151,train,3.3158748,649
643,3.3028,test,3.3941815,650
644,3.3759,test,3.3619235,651
645,3.2975,train,3.3434026,652
646,3.3129,train,3.3652143,653
647,3.3064,train,3.347006,654
648,3.3039,train,3.3482878,655
649,3.2949,test,3.3456182,656
650,3.3076,train,3.3655167,657
651,3.4554,test,3.49555,658
652,3.0149,train,3.0892408,659
653,2.9697,train,3.0042465,660
654,3.5135,train,3.511901,661
655,3.5306,train,3.506372,662
656,3.4788,train,3.538824,663
657,3.4872,train,3.602012,664
658,3.5036,train,3.569351,665
659,3.5041,train,3.5531864,666
660,3.4822,test,3.4994686,667
661,3.5047,train,3.5546107,668
662,4.2899,train,4.2732882,669
663,4.3128,train,4.2749324,670
664,3.7403,train,3.8376553,671
665,3.7628,train,3.7901335,672
666,3.8304,test,3.8836884,673
667,3.7581,train,3.7812197,674
668,3.6174,test,3.7160785,675
669,3.8705,train,3.8724275,676
670,3.7826,train,3.775181,677
671,3.9448,train,3.908863,678
672,4.0591,train,4.094403,679
673,3.6657,test,3.713579,680
674,3.4793,train,3.6097808,681
675,3.5132,train,3.5811443,682
676,3.6275,test,3.7262952,683
677,3.9325,train,3.8015013,684
678,3.7831,train,3.882476,685
679,3.9595,train,3.801432,686
680,3.4023,train,3.3183053,687
681,3.3485,train,3.370877,688
682,3.4097,train,3.4272766,689
683,3.4042,train,3.360158,690
684,3.4391,train,3.4969916,691
685,3.3083,train,3.3327255,692
686,3.803,train,3.6021059,693
687,3.4232,train,3.4063678,694
688,3.4748,train,3.439574,695
689,3.1191,train,3.2732987,696
690,3.7356,train,3.6762521,697
691,3.8461,train,3.8232129,698
692,3.7886,train,3.8728697,699
693,3.8119,train,3.7113936,700
694,3.409,train,3.4446902,701
695,3.4019,train,3.393939,702
696,3.2447,train,3.3965414,703
697,3.4783,train,3.4354305,704
698,3.4056,train,3.4480984,705
699,3.4236,train,3.3425615,706
700,3.5501,test,3.475407,707
701,4.1041,train,4.2149386,708
702,4.1375,train,4.133276,709
703,4.1035,train,4.210968,710
704,4.187,train,4.099922,711
705,3.7812,test,3.8141952,712
706,3.8399,test,3.8445559,713
707,3.8556,train,3.9518442,714
708,4.1072,train,4.151016,715
709,4.0539,train,4.1431174,716
710,4.1954,test,4.1153445,717
711,3.8369,test,3.8013754,718
712,3.8379,train,3.8099363,719
713,3.7642,train,3.7128177,720
714,3.6647,test,3.6298854,721
715,4.817,train,4.7573094,722
716,4.8073,train,4.7410836,723
717,4.0067,train,4.116274,724
718,3.8526,test,3.9658506,725
719,4.2119,train,4.2668114,726
720,4.3781,train,4.2890673,727
721,4.5649,train,4.5404024,728
722,4.5918,train,4.4825864,729
723,4.0147,train,4.2220902,730
724,4.3671,test,4.7920036,731
725,4.6816,train,4.658356,732
726,4.576,train,4.5836706,733
727,4.5088,train,4.3940334,734
728,4.3256,train,4.3996935,735
729,4.1754,train,4.4169693,736
730,4.3828,train,4.414534,737
731,4.7927,train,4.713787,738
732,4.8374,train,4.6998963,739
733,3.6372,train,3.6445942,741
734,3.5822,train,3.7238116,742
735,3.2026,train,3.1500394,743
736,4.8323,test,4.839964,744
737,4.4319,test,4.543138,745
738,4.9598,train,4.885576,746
739,4.3837,test,4.5071735,747
740,4.1175,train,4.1969037,748
741,4.1527,train,4.1748595,749
742,4.4703,train,4.5698514,750
743,4.2049,train,4.2578354,751
744,4.2981,train,4.255586,752
745,4.6636,test,4.682791,753
746,4.3755,train,4.455715,754
747,4.5932,train,4.6098886,755
748,4.1325,train,4.121817,756
749,4.2661,train,4.3049097,757
750,4.1506,train,4.104205,758
751,3.8353,train,3.908249,759
752,3.8256,train,3.7864723,760
753,3.7746,train,3.7855844,761
754,3.5685,train,3.6606147,762
755,3.6687,train,3.7456899,763
756,3.8166,train,3.8894355,764
757,3.2787,train,3.2827277,765
758,3.5301,train,3.4028778,766
759,3.4755,test,3.3627205,767
760,3.6935,train,3.6165593,768
761,3.4584,train,3.4004934,769
762,4.3517,test,4.429565,770
763,4.409,train,4.427588,771
764,4.3812,train,4.2188044,772
765,4.3752,train,4.271242,773
766,3.9254,train,3.8585641,774
767,3.9753,test,3.9558342,775
768,3.9244,train,3.8966942,776
769,3.6902,train,3.7647994,777
770,3.6914,train,3.7630541,778
771,3.6924,test,3.7498405,779
772,3.6978,test,3.7538505,780
773,3.7132,train,3.7230892,781
774,3.9099,train,3.947058,782
775,3.9721,train,4.0108757,783
776,3.512,train,3.5075135,784
777,3.4699,test,3.44192,785
778,4.1324,test,4.2624745,786
779,4.1389,train,4.0936575,787
780,4.1096,train,4.2611017,788
781,3.9326,train,3.9848037,789
782,3.9278,train,3.8982937,790
783,3.7419,test,3.631236,791
784,3.9147,train,3.8973918,792
785,5.2554,train,5.2186384,793
786,5.2446,train,5.2546296,794
787,4.4447,train,4.66855,795
788,4.4994,train,4.603783,796
789,4.6015,train,4.683793,797
790,4.4886,train,4.607933,798
791,4.4076,train,4.450345,799
792,4.725,train,4.7445354,800
793,4.5729,train,4.654004,801
794,4.8377,train,4.6098523,802
795,4.8956,train,4.8268986,803
796,4.3593,test,4.457633,804
797,4.299,train,4.367771,805
798,4.2485,train,4.3985868,806
799,4.3767,train,4.460795,807
800,4.8814,train,4.762113,808
801,4.6275,train,4.6567836,809
802,4.9443,train,4.7173615,810
803,4.0872,test,4.0585556,811
804,3.9879,train,4.111324,812
805,4.2527,train,4.2917147,813
806,4.0372,train,4.1323023,814
807,3.8072,train,3.963014,815
808,4.4969,train,4.4655695,816
809,4.1172,train,4.128104,817
810,4.1607,train,4.1406903,818
811,3.5942,train,3.855675,819
812,4.6305,train,4.568753,820
813,4.6422,train,4.8187532,821
814,4.7342,train,4.7533793,822
815,4.7973,train,4.8039327,823
816,4.0576,test,4.182195,824
817,4.0661,test,4.215314,825
818,4.0616,train,4.217906,826
819,4.017,train,4.072264,827
820,4.1495,train,4.2152586,828
821,4.9265,train,5.1224484,829
822,4.9517,train,5.128181,830
823,4.9186,train,5.1275444,831
824,5.2869,train,5.186403,832
825,4.5043,train,4.6228776,833
826,4.5287,train,4.597257,834
827,4.2606,train,4.5434036,835
828,4.6907,train,4.599255,836
829,5.0675,train,5.1200147,837
830,4.9918,train,5.124224,838
831,5.2253,train,5.128193,839
832,4.5217,train,4.6223745,840
833,4.4585,train,4.5080934,841
834,4.2272,train,4.387339,842
835,5.8131,train,5.642689,843
836,5.8395,train,5.6371546,844
837,4.8562,train,4.9180694,845
838,4.5836,train,4.7559967,846
839,5.1174,test,5.1311393,847
840,5.4787,train,5.379714,848
841,5.557,train,5.4469166,849
842,5.7042,train,5.4825945,850
843,4.7765,train,4.948748,851
844,5.6182,train,5.662519,852
845,5.8784,train,5.765266,853
846,5.8571,train,5.7409554,854
847,5.785,train,5.5893903,855
848,5.1775,train,5.2783446,856
849,5.0543,test,5.374344,857
850,5.684,train,5.590485,858
851,5.6615,train,5.6532955,859
852,5.7477,train,5.715306,860
853,4.5935,train,4.7187576,862
854,3.8021,train,3.9235232,863
855,5.8895,test,5.947095,864
856,6.1613,train,5.941621,865
857,5.1865,test,5.420443,866
858,5.0379,test,4.988401,867
859,4.9947,train,4.924368,868
860,5.6897,train,5.5552626,869
861,5.084,train,5.1025934,870
862,5.1258,train,5.1344275,871
863,5.824,train,5.6039076,872
864,5.4998,test,5.4718194,873
865,5.6471,train,5.524261,874
866,4.7802,train,4.9343433,875
867,4.8689,test,5.097527,876
868,4.7775,train,4.926697,877
869,4.8046,test,4.9302154,878
870,4.7009,train,4.847861,879
871,4.7259,train,4.857918,880
872,4.7458,train,4.7998548,881
873,4.7352,test,4.7750726,882
874,4.3402,train,4.4878173,883
875,4.9202,train,4.9015627,884
876,3.9954,train,4.101123,885
877,4.3319,train,4.3634987,886
878,4.2194,train,4.3072715,887
879,4.3449,train,4.429039,888
880,4.1669,train,4.262408,889
881,5.41,train,5.315996,890
882,5.3765,train,5.2754083,891
883,5.3313,train,5.1326733,892
884,5.4981,train,5.23596,893
885,4.5902,train,4.620712,894
886,4.761,test,4.689198,895
887,4.7816,train,4.7551646,896
888,4.6879,train,4.660763,897
889,4.295,train,4.4777293,898
890,4.3004,test,4.464038,899
891,4.3127,train,4.465417,900
892,4.3536,test,4.4812665,901
893,4.6802,test,4.7543216,902
894,4.6892,test,4.6692185,903
895,4.24,test,4.4112697,904
896,4.2286,train,4.28813,905
897,5.1382,train,5.1095095,906
898,5.1332,test,5.0885863,907
899,5.0937,test,5.0898075,908
900,5.072,test,5.1431227,909
901,4.5656,test,4.687795,910
902,4.6516,train,4.732855,911
903,4.6234,test,4.628441,912
904,4.4585,train,4.523164,913
905,4.5954,train,4.6886053,914
906,3.0114,train,3.0447156,915
907,3.0331,train,2.975115,916
908,2.9012,train,2.9305518,917
909,2.902,train,2.98418,918
910,2.8387,test,2.9100723,919
911,2.9469,train,2.958532,920
912,2.9359,train,2.9014163,921
913,2.9912,train,2.985364,922
914,2.9368,train,3.0123532,923
915,2.9876,train,3.032046,924
916,2.9787,test,2.9980288,925
917,2.9003,train,2.9568284,926
918,2.7622,test,2.8717496,927
919,2.85,train,2.8512986,928
920,2.872,train,2.8858805,929
921,2.9126,train,2.8280008,930
922,2.9429,test,2.8582485,931
923,2.9849,test,2.9740634,932
924,2.9105,train,2.9123626,933
925,2.9049,test,2.9720523,934
926,2.9602,train,2.9557939,935
927,2.9352,train,2.9265397,936
928,2.9366,train,2.9248428,937
929,2.7982,train,2.8162138,938
930,2.7405,train,2.8469179,939
931,2.867,train,2.8565712,940
932,2.9395,train,2.8991053,941
933,2.9795,train,2.9422047,942
934,2.8759,train,2.8573978,943
935,2.9039,train,2.8601558,944
936,2.9907,train,2.9758937,945
937,2.8114,train,2.861893,946
938,2.7854,train,2.7684135,947
939,2.775,train,2.8451962,948
940,2.8399,train,2.8513246,949
941,2.9808,train,2.9824972,950
942,2.8704,test,2.8876493,951
943,2.9502,train,2.9699469,952
944,3.0189,test,2.9913266,953
945,3.002,train,2.9838197,954
946,2.9154,train,2.9682686,955
947,2.9525,test,2.9672136,956
948,3.131,test,3.0506933,957
949,3.1309,test,3.0691726,958
950,3.1488,train,3.027197,959
951,3.0075,train,3.0699382,960
952,2.9799,train,3.010065,961
953,3.0068,train,3.0014665,962
954,2.9896,train,2.9975023,963
955,3.0471,train,3.045874,964
956,2.9574,train,2.9981298,965
957,2.9908,train,2.9951706,966
958,2.8749,train,2.9035034,967
959,3.1483,train,3.1002753,968
960,3.1482,train,3.0293503,969
961,3.1249,train,3.1453533,970
962,2.9636,train,2.9629545,971
963,3.0592,test,3.0721946,972
964,2.988,train,3.0537345,973
965,2.9191,train,3.0524685,974
966,3.1649,test,2.9998221,975
967,3.108,test,3.1081972,976
968,3.1673,test,3.0207345,977
969,2.7686,train,2.7377825,979
970,3.0718,train,3.0287893,980
971,3.0842,train,3.0983071,981
972,3.0603,train,3.0186682,982
973,3.1122,test,3.0128534,983
974,3.1111,train,2.9665875,984
975,3.265,train,3.2471333,985
976,3.0054,train,3.0897362,986
977,3.0693,test,3.12689,987
978,3.0197,test,2.9712539,988
979,3.0744,train,2.9355965,989
980,2.8817,train,2.9550552,990
981,2.8977,train,2.9657652,991
982,2.8523,train,2.8834372,992
983,2.8563,test,2.8711417,993
984,2.8092,test,2.8040059,994
985,2.8051,test,2.850906,995
986,2.7988,train,2.8342316,996
987,2.8457,train,2.8902822,997
988,2.9102,test,2.9585867,998
989,3.0263,train,3.0125654,999
990,3.0293,test,3.0228732,1000
991,2.9093,train,2.9131258,1001
992,2.8956,train,2.8792462,1002
993,2.956,test,3.0475829,1003
994,2.9801,train,2.9217477,1004
995,2.9875,train,3.0245106,1005
996,2.9387,test,2.8592653,1006
997,2.8907,train,2.8307157,1007
998,3.1899,train,3.0617292,1008
999,3.1782,train,3.0617826,1009
1000,3.1788,train,3.0517623,1010
1001,3.1766,test,3.0190191,1011
1002,3.1114,train,3.1087813,1012
1003,3.1042,train,3.0473883,1013
1004,3.5564,train,3.5724814,1014
1005,3.266,train,3.411905,1015
1006,3.2681,train,3.3146262,1016
1007,3.3472,train,3.417497,1017
1008,3.0539,train,3.137599,1018
1009,3.4139,train,3.475311,1019
1010,3.3846,train,3.367814,1020
1011,3.3726,test,3.3520544,1021
1012,3.3058,train,3.3793724,1022
1013,3.324,train,3.3540423,1023
1014,3.132,train,3.316823,1024
1015,3.1225,test,3.3615801,1025
1016,3.1392,train,3.357983,1026
1017,3.4421,train,3.3571784,1027
1018,3.4052,train,3.427158,1028
1019,3.0067,train,2.9962902,1029
1020,3.2265,train,3.1821852,1030
1021,3.0694,train,3.0776374,1031
1022,3.1931,train,3.2379832,1032
1023,3.2515,train,3.2022984,1033
1024,3.1499,train,3.178106,1034
1025,3.1288,train,3.1610305,1035
1026,3.1973,train,3.1631594,1036
1027,3.1171,train,3.1573,1037
1028,3.3282,train,3.3091881,1038
1029,3.4241,test,3.3587797,1039
1030,3.4087,test,3.384677,1040
1031,3.3724,test,3.263075,1041
1032,3.3799,train,3.2815971,1042
1033,3.0725,train,3.079853,1043
1034,3.1035,train,3.0358121,1044
1035,3.0658,train,3.084928,1045
1036,3.0919,test,3.0540876,1046
1037,3.0247,train,3.044,1047
1038,3.2653,train,3.2884686,1048
1039,3.5798,train,3.5038228,1049
1040,3.6155,train,3.6137192,1050
1041,3.6578,test,3.631333,1051
1042,3.579,train,3.6135683,1052
1043,3.3244,test,3.3698,1053
1044,3.3573,train,3.3006732,1054
1045,3.4275,train,3.418938,1055
1046,3.6512,test,3.7082489,1056
1047,3.5972,train,3.5844367,1057
1048,3.6458,train,3.5542917,1058
1049,3.4291,train,3.3666854,1059
1050,3.3688,test,3.2906861,1060
1051,3.2791,train,3.3863943,1061
1052,3.5243,train,3.585137,1062
1053,3.5364,test,3.657826,1063
1054,3.3722,test,3.427525,1064
1055,3.448,test,3.537093,1065
1056,3.4551,train,3.3082619,1066
1057,3.726,train,3.7697585,1067
1058,3.7444,train,3.7158132,1068
1059,3.4849,train,3.5183294,1069
1060,3.6662,train,3.5468972,1070
1061,3.6036,train,3.6905575,1071
1062,3.6059,test,3.600931,1072
1063,3.6605,train,3.546313,1073
1064,3.6421,train,3.4840267,1074
1065,3.5775,test,3.671569,1075
1066,3.6964,train,3.756958,1076
1067,3.6906,train,3.6871707,1077
1068,3.3285,train,3.3100815,1079
1069,3.2373,test,3.4179404,1080
1070,2.9768,test,2.9199467,1081
1071,3.5457,train,3.4982274,1082
1072,3.6835,train,3.559181,1083
1073,3.7169,train,3.6862311,1084
1074,3.5865,train,3.5532424,1085
1075,3.6209,test,3.6636841,1086
1076,3.5499,train,3.5686224,1087
1077,3.5958,train,3.7704642,1088
1078,3.7035,train,3.668003,1089
1079,3.621,test,3.6683247,1090
1080,3.3758,test,3.46348,1091
1081,3.6969,train,3.672065,1092
1082,3.4335,train,3.4062045,1093
1083,3.4249,test,3.4275918,1094
1084,3.4433,train,3.3881946,1095
1085,3.2653,train,3.3453174,1096
1086,3.4451,train,3.4042892,1097
1087,3.4223,train,3.4358807,1098
1088,3.0407,train,3.05423,1099
1089,3.2917,train,3.2852297,1100
1090,3.2929,train,3.2878516,1101
1091,3.2928,test,3.2852414,1102
1092,3.1659,test,3.0939162,1103
1093,3.6309,test,3.816762,1104
1094,3.6923,train,3.7485142,1105
1095,3.6619,train,3.6872282,1106
1096,3.6914,train,3.681602,1107
1097,3.3044,train,3.1789,1108
1098,3.3591,train,3.2716703,1109
1099,3.3783,train,3.3884919,1110
1100,3.3892,train,3.390535,1111
1101,3.3083,train,3.3876183,1112
1102,3.3949,train,3.476777,1113
1103,3.4743,test,3.5633879,1114
1104,3.1584,train,3.2177465,1115
1105,3.2038,test,3.1962874,1116
1106,3.6614,test,3.6968727,1117
1107,3.6981,train,3.758596,1118
1108,3.6766,test,3.7194033,1119
1109,3.4708,train,3.4551477,1120
1110,3.4782,train,3.4831269,1121
1111,3.418,test,3.2565596,1122
1112,3.4261,train,3.322354,1123
1113,4.1098,train,4.037823,1124
1114,4.1146,train,4.038418,1125
1115,3.7475,test,3.8511174,1126
1116,3.7376,test,3.7460957,1127
1117,3.8423,train,3.8697996,1128
1118,3.6214,train,3.6648865,1129
1119,3.8676,train,3.823293,1130
1120,3.898,train,3.8079252,1131
1121,3.7587,train,3.81867,1132
1122,3.6557,train,3.682742,1133
1123,3.5665,train,3.743503,1134
1124,3.5487,test,3.795406,1135
1125,3.5693,test,3.8099537,1136
1126,3.9694,train,3.9964736,1137
1127,3.8989,train,3.9627306,1138
1128,3.406,train,3.3567615,1139
1129,3.2626,train,3.3045044,1140
1130,3.47,train,3.4788826,1141
1131,3.5902,train,3.7066877,1142
1132,3.3045,test,3.2955816,1143
1133,3.6819,train,3.690335,1144
1134,3.5391,train,3.538818,1145
1135,3.5241,train,3.5278,1146
1136,3.7091,train,3.5906045,1147
1137,3.4874,train,3.5330503,1148
1138,3.9034,test,3.8780007,1149
1139,3.9705,test,3.9047213,1150
1140,3.9488,test,3.9336731,1151
1141,3.9603,train,3.856215,1152
1142,3.4293,train,3.4959152,1153
1143,3.4133,test,3.5297117,1154
1144,3.3709,train,3.3770568,1155
1145,3.6319,test,3.6898606,1156
1146,4.1865,test,3.9861207,1157
1147,4.1999,train,4.1371136,1158
1148,4.241,train,4.1606984,1159
1149,4.1622,test,4.1242466,1160
1150,3.7969,test,3.8252177,1161
1151,3.5328,train,3.7606852,1162
1152,3.9414,train,3.845634,1163
1153,4.2243,train,4.175482,1164
1154,4.2007,train,4.198385,1165
1155,4.2367,test,4.125788,1166
1156,3.8549,train,3.8418078,1167
1157,3.816,test,3.7250524,1168
1158,3.6804,train,3.7007833,1169
1159,4.1353,test,4.1500816,1170
1160,4.1561,train,4.1627507,1171
1161,3.9412,train,3.910314,1172
1162,3.978,train,4.012893,1173
1163,4.0664,train,3.8567097,1174
1164,4.3547,train,4.3278856,1175
1165,4.3688,test,4.199932,1176
1166,3.9655,train,3.9937162,1177
1167,4.203,test,4.427923,1178
1168,4.2582,train,4.2494373,1179
1169,4.2456,train,4.238819,1180
1170,4.2585,train,4.15499,1181
1171,4.212,train,4.194154,1182
1172,4.1751,train,4.0878105,1183
1173,4.2518,train,4.3205214,1184
1174,4.3205,train,4.3170605,1185
1175,4.3123,train,4.2054677,1186
1176,3.9378,train,3.7835736,1188
1177,3.8978,train,3.82438,1189
1178,3.3538,test,3.2860513,1190
1179,4.1464,train,4.25152,1191
1180,4.2282,train,4.2009006,1192
1181,4.3207,test,4.02458,1193
1182,4.3523,train,4.2668595,1194
1183,4.1463,train,4.049349,1195
1184,4.2504,train,4.288625,1196
1185,4.2319,train,4.2258945,1197
1186,4.2395,train,4.2137384,1198
1187,3.9671,train,3.845531,1199
1188,4.1087,train,3.8509774,1200
1189,4.0878,test,3.848477,1201
1190,4.0166,test,3.9910736,1202
1191,3.9876,train,3.9947765,1203
1192,4.0927,train,3.936642,1204
1193,4.0963,train,3.9780972,1205
1194,3.7866,train,3.8935409,1206
1195,4.0071,train,4.032081,1207
1196,3.4307,train,3.4083986,1208
1197,3.7338,train,3.7418857,1209
1198,3.5694,train,3.5260236,1210
1199,4.2614,train,4.295007,1211
1200,4.3169,train,4.257045,1212
1201,4.3032,train,4.2022567,1213
1202,3.8259,train,3.7070117,1214
1203,3.8637,train,3.7650635,1215
1204,3.8709,train,3.8858302,1216
1205,3.856,test,3.8892157,1217
1206,3.6879,train,3.7529228,1218
1207,3.7631,train,3.8374026,1219
1208,3.7077,train,3.7117896,1220
1209,3.9579,train,4.017209,1221
1210,3.5412,train,3.6112485,1222
1211,3.5817,test,3.5758505,1223
1212,4.1914,train,4.196016,1224
1213,4.3262,train,4.164242,1225
1214,4.331,train,4.2226505,1226
1215,3.9193,train,3.875413,1227
1216,3.8804,test,3.779758,1228
1217,4.8953,test,5.019171,1229
1218,4.9083,train,5.0046716,1230
1219,4.4767,train,4.583558,1231
1220,4.4532,train,4.4441037,1232
1221,4.6016,train,4.553217,1233
1222,4.4681,train,4.4994674,1234
1223,4.2906,train,4.2626905,1235
1224,4.4957,train,4.5514975,1236
1225,4.4161,train,4.4002595,1237
1226,4.4669,test,4.5916605,1238
1227,4.2063,train,4.2958164,1239
1228,4.22,test,4.4273906,1240
1229,4.2057,train,4.2976265,1241
1230,4.2244,train,4.358126,1242
1231,4.7605,test,4.8214545,1243
1232,4.6617,train,4.708864,1244
1233,4.8235,train,4.820925,1245
1234,4.8513,train,4.8478103,1246
1235,3.9949,train,3.8937979,1247
1236,4.0917,test,4.0320454,1248
1237,4.1321,train,4.136284,1249
1238,4.1202,train,4.0515094,1250
1239,4.0943,train,4.051251,1251
1240,4.3173,test,4.373142,1252
1241,4.2158,train,4.1743083,1253
1242,4.171,train,4.1546392,1254
1243,4.3461,train,4.1796055,1255
1244,3.7101,train,3.8575373,1256
1245,4.7794,test,4.611737,1257
1246,4.819,train,4.82076,1258
1247,4.7961,train,4.802546,1259
1248,4.8397,train,4.889531,1260
1249,4.7962,train,4.9039083,1261
1250,3.9628,train,4.0938287,1262
1251,4.0338,train,4.032983,1263
1252,3.94,test,4.0854063,1264
1253,3.9315,train,3.9504066,1265
1254,4.1673,train,4.287718,1266
1255,4.9945,train,4.8577414,1267
1256,4.9804,train,5.0560617,1268
1257,4.9835,train,5.053572,1269
1258,5.0244,train,5.0568733,1270
1259,4.5026,test,4.49166,1271
1260,4.2107,train,4.4064007,1272
1261,4.697,train,4.5606546,1273
1262,5.0475,train,4.9919705,1274
1263,5.0155,train,5.026602,1275
1264,5.1093,train,4.959011,1276
1265,4.4849,train,4.533183,1277
1266,4.5096,train,4.4380517,1278
1267,4.3429,train,4.356251,1279
1268,5.003,train,5.1573224,1280
1269,5.0826,train,5.241149,1281
1270,4.7913,train,4.736974,1282
1271,4.5345,train,4.525765,1283
1272,4.7736,train,4.8819156,1284
1273,4.9672,train,5.093145,1285
1274,5.3404,train,5.2345676,1286
1275,5.3425,train,5.254493,1287
1276,4.6942,test,4.7225356,1288
1277,5.1792,train,5.1374273,1289
1278,5.2289,train,5.3870015,1290
1279,5.2325,train,5.320513,1291
1280,5.2155,train,5.191345,1292
1281,5.0559,test,4.9607882,1293
1282,5.0549,test,5.205758,1294
1283,5.2252,train,5.3050776,1295
1284,5.2728,test,5.378159,1296
1285,4.9845,train,5.1300697,1297
1286,4.8919,train,4.738026,1299
1287,4.8818,train,4.7504306,1300
1288,3.9188,train,3.946746,1301
1289,5.0438,test,5.5071526,1302
1290,5.1608,train,5.331352,1303
1291,5.1008,train,5.154337,1304
1292,4.914,test,4.899004,1305
1293,5.2006,train,5.2035494,1306
1294,5.0348,train,4.8586583,1307
1295,5.2112,test,5.255111,1308
1296,5.1639,test,5.1793604,1309
1297,5.1927,train,5.2083964,1310
1298,4.628,train,4.631002,1311
1299,4.7773,train,4.676623,1312
1300,4.6699,train,4.6409283,1313
1301,4.8854,train,4.8911576,1314
1302,4.8314,train,4.863863,1315
1303,4.9793,train,4.8751316,1316
1304,5.0044,train,4.870926,1317
1305,4.6532,train,4.6113725,1318
1306,5.0297,train,4.897255,1319
1307,4.8425,test,4.9051886,1320
1308,4.0608,test,3.98287,1321
1309,4.4006,train,4.348864,1322
1310,4.3789,test,4.345766,1323
1311,4.3908,train,4.3769827,1324
1312,4.1587,test,4.182218,1325
1313,5.1597,train,5.2232037,1326
1314,5.1973,train,5.175847,1327
1315,5.103,train,5.0594544,1328
1316,5.2179,train,5.09855,1329
1317,4.6244,test,4.4830213,1330
1318,4.6277,test,4.5503974,1331
1319,4.6488,train,4.648049,1332
1320,4.5951,test,4.5750813,1333
1321,4.278,train,4.3622427,1334
1322,4.2906,train,4.3544216,1335
1323,4.639,test,4.6210294,1336
1324,4.5748,train,4.640202,1337
1325,4.6628,test,4.623691,1338
1326,4.138,test,4.2803936,1339
1327,4.1579,train,4.206051,1340
1328,5.0625,test,4.9622445,1341
1329,5.2009,test,5.0294495,1342
1330,5.2533,test,5.060753,1343
1331,5.1675,test,5.0562634,1344
1332,4.5228,train,4.576207,1345
1333,4.5367,test,4.5072303,1346
